volume,page_at_memorykoreagokr,chapter_no,chapter_name,section_no,section_name,korean_without_points,tone,korean_with_points,letter,description
1,30,1,揯,1,君,그ᇰ,1,그ᇰ,揯𢫮緪絚兢矜
1,30,1,亙,1,君,그ᇰ,3,그ᇰ〮,亙恆絚䱴䱎堩
1,30,1,亟,1,君,극,4,극〮,亟䓧殛極㥛革棘[棘棘]束襋[礻亟]
1,30,1,肯,2,快,크ᇰ,2,크ᇰ〯,肯肻
1,30,1,亟,2,快,큭,4,큭〮,克剋刻裓
1,31,1,揯,3,虯,끄ᇰ,1,끄ᇰ,兢
1,31,1,亟,3,虯,끅,4,끅〮,極
1,31,1,揯,4,業,ᅌᅳᇰ,1,ᅌᅳᇰ,凝疑
1,31,1,亙,4,業,ᅌᅳᇰ,3,ᅌᅳᇰ〮,凝
1,31,1,亟,4,業,ᅌᅳᆨ,4,ᅌᅳᆨ〮,嶷懝薿觺疑
1,31,1,揯,5,斗,드ᇰ,1,드ᇰ,登蹬僜豋㽅燈㲪簦
1,31,1,肯,5,斗,드ᇰ,2,드ᇰ〯,等
1,31,1,亙,5,斗,드ᇰ,3,드ᇰ〮,隥嶝磴墱鐙凳橙
1,31,1,亟,5,斗,득,4,득〮,德㥁得
1,32,1,亟,6,呑,특,4,특〮,忒貣貸慝式
1,32,1,揯,7,覃,뜨ᇰ,1,뜨ᇰ,騰𩦶縢[糹縢-月][糹堘-土]謄滕[氵滕]螣[虫螣-月]㬺藤𤻴
1,32,1,亙,7,覃,뜨ᇰ,3,뜨ᇰ〮,鄧蹬㬺
1,32,1,亟,7,覃,뜩,4,뜩〮,特犆蟘螣貸
1,32,1,揯,8,那,느ᇰ,1,느ᇰ,能[厶月吕]
1,32,1,揯,9,彆,브ᇰ,1,브ᇰ,崩
1,32,1,亙,9,彆,브ᇰ,3,브ᇰ〮,堋塴[穴朋]
1,32,1,亟,9,彆,븍,4,븍〮,北
1,33,1,肯,10,漂,프ᇰ,2,프ᇰ〯,䣙傰
1,33,1,揯,11,步,쁘ᇰ,1,쁘ᇰ,朋䳟堋
1,33,1,亟,11,步,쁙,4,쁙〮,菔蔔匐服伏[勹専]踣䞳掊殕仆䟔䟮[棘火]棘
1,33,1,揯,12,彌,므ᇰ,1,므ᇰ,瞢儚懜顭懵[ 亻瞢]
1,33,1,亙,12,彌,므ᇰ,3,므ᇰ〮,懜瞢[瞢]
1,33,1,亟,12,彌,믁,4,믁〮,墨默嘿嚜墨穆㱄纆冒
1,34,1,揯,13,即,즈ᇰ,1,즈ᇰ,增橧竲矰𢨉憎噌䎖罾曾
1,34,1,亙,13,即,즈ᇰ,3,즈ᇰ〮,甑增
1,34,1,亟,13,即,즉,4,즉〮,卽[口卽]㸅堲卽稷[齊禾]齊[禾鬼][禾即]則側昃𣅳仄[厂𣅳]厠㳁稄
1,35,1,亟,14,侵,측,4,측〮,測惻[則心]畟稷
1,35,1,揯,15,慈,쯔ᇰ,1,쯔ᇰ,層曾嶒繒贈竲鄫騬
1,35,1,亙,15,慈,쯔ᇰ,3,쯔ᇰ〮,贈
1,35,1,亟,15,慈,쯕,4,쯕〮,堲卽賊蠈鰂鯽鱡崱萴
1,35,1,揯,16,戌,스ᇰ,1,스ᇰ,僧鬙
1,35,1,亟,16,戌,슥,4,슥〮,塞[塞]㥶寨
1,36,1,揯,17,挹,ᅙᅳᇰ,1,ᅙᅳᇰ,膺[雁+骨]應譍噟鷹𧕄
1,36,1,亙,17,挹,ᅙᅳᇰ,3,ᅙᅳᇰ〮,應噟
1,36,1,亟,17,挹,ᅙᅳᆨ,4,ᅙᅳᆨ〮,億意臆[骨立忠][骨意]憶檍醷繶薏抑
1,36,1,揯,18,虗,흐ᇰ,1,흐ᇰ,興嬹
1,36,1,亙,18,虗,흐ᇰ,3,흐ᇰ〮,興嬹
1,36,1,亟,18,虗,흑,4,흑〮,黑
1,36,1,揯,19,洪,ᅘᅳᇰ,1,ᅘᅳᇰ,恆
1,36,1,亟,19,洪,ᅘᅳᆨ,4,ᅘᅳᆨ〮,劾
1,36,1,揯,20,欲,으ᇰ,1,으ᇰ,蠅
1,36,1,亙,20,欲,으ᇰ,3,으ᇰ〮,孕[夃子][月黽][女黽]繩鱦䱆媵[偻]膡
1,37,1,揯,21,閭,르ᇰ,1,르ᇰ,棱楞稜輘夌陵凌淩輘綾鯪㥄蔆䔖[艹遴]菱
1,37,1,亙,21,閭,르ᇰ,3,르ᇰ〮,凌稜
1,37,1,亟,21,閭,륵,4,륵〮,力屴勒肋仂玏勒阞泐扐艻朸
1,37,1,揯,22,斗,디ᇰ,1,디ᇰ,徵
1,37,1,亟,22,斗,딕,4,딕〮,陟[亻止日少][亻步]徏騭徝稙
1,38,1,揯,23,呑,티ᇰ,1,티ᇰ,僜庱
1,38,1,肯,23,呑,티ᇰ,2,티ᇰ〯,庱
1,38,1,亟,23,呑,틱,4,틱〮,敕勅勑鷘[𪆵-力]䳵𪀦飭飾
1,38,1,揯,24,覃,띠ᇰ,1,띠ᇰ,澄澂憕懲承
1,38,1,亙,24,覃,띠ᇰ,3,띠ᇰ〮,瞪
1,38,1,亟,24,覃,띡,4,띡〮,直直犆
1,38,1,亟,25,那,닉,4,닉〮,匿㥾恧
1,38,1,揯,26,彆,비ᇰ,1,비ᇰ,冰掤弸
1,39,1,揯,27,漂,피ᇰ,1,피ᇰ,砅砰
1,39,1,揯,28,步,삐ᇰ,1,삐ᇰ,凭憑倗馮淜
1,39,1,亙,28,步,삐ᇰ,3,삐ᇰ〮,凭
1,39,1,揯,29,即,지ᇰ,1,지ᇰ,蒸蒸烝脀
1,39,1,肯,29,即,지ᇰ,2,지ᇰ〯,拯丞氶承撜䡕
1,39,1,亙,29,即,지ᇰ,3,지ᇰ〮,證烝蒸承丞
1,39,1,亟,29,即,직,4,직〮,職織樴膱昵䐈
1,39,1,揯,30,侵,치ᇰ,1,치ᇰ,稱偁
1,39,1,亙,30,侵,치ᇰ,3,치ᇰ〮,稱秤
1,39,1,揯,31,戌,시ᇰ,1,시ᇰ,升昇陹陞阩勝
1,39,1,肯,31,戌,시ᇰ,2,시ᇰ〯,㱡冼
1,39,1,亙,31,戌,시ᇰ,3,시ᇰ〮,勝
1,39,1,亟,31,戌,식,4,식〮,息熄識式軾拭栻飾
1,39,1,揯,32,邪,씨ᇰ,1,씨ᇰ,繩澠譝憴乘椉塍堘塖戌承氶丞
1,39,1,亙,32,邪,씨ᇰ,3,씨ᇰ〮,乘椉嵊賸甸
1,39,1,亟,32,邪,씩,4,씩〮,食蝕寔湜㵓殖埴植置
1,41,1,亟,33,虗,힉,4,힉〮,赩奭䀌
1,41,1,亟,34,欲,익,4,익〮,弋杙樴釴㚤黓翼䋚潩瀷廙翊翌
1,42,1,揯,35,穰,ᅀᅵᇰ,1,ᅀᅵᇰ,仍扔戎艿芿陾耳
1,42,1,亙,35,穰,ᅀᅵᇰ,3,ᅀᅵᇰ〮,扔
1,42,1,揯,36,君,ᄀᆡᇰ,1,ᄀᆡᇰ,庚賡鶊更羹秔稉粳亢
1,42,1,肯,36,君,ᄀᆡᇰ,2,ᄀᆡᇰ〯,梗鯁骾哽綆䋁挭
1,42,1,亙,36,君,ᄀᆡᇰ,3,ᄀᆡᇰ〮,更賡
1,42,1,亟,36,君,ᄀᆡᆨ,4,ᄀᆡᆨ〮,格骼髂挌觡佫徦假臵䧄㦴㪾烙
1,43,1,揯,37,快,ᄏᆡᇰ,1,ᄏᆡᇰ,阬坑鏗鍞硜踁䃘牼誙
1,43,1,亟,37,快,ᄏᆡᆨ,4,ᄏᆡᆨ〮,客
1,43,1,亟,38,業,ᅌᆡᆨ,4,ᅌᆡᆨ〮,額詻峉
1,43,1,揯,39,斗,ᄃᆡᇰ,1,ᄃᆡᇰ,趟丁玎
1,43,1,肯,39,斗,ᄃᆡᇰ,2,ᄃᆡᇰ〯,打
1,43,1,亟,39,斗,ᄃᆡᆨ,4,ᄃᆡᆨ〮,磔摘擿謫讁適
1,44,1,揯,40,呑,ᄐᆡᆼ,1,ᄐᆡᆼ,瞠憆盯䁎橕橖
1,44,1,亙,40,呑,ᄐᆡᇰ,3,ᄐᆡᇰ〮,瞠
1,44,1,亟,40,呑,ᄐᆡᆨ,4,ᄐᆡᆨ〮,坼宅斥拆䞣
1,44,1,揯,41,覃,ᄄᆡᇰ,1,ᄄᆡᇰ,棖掁撜㲂䟫蹚橙瞪暌
1,44,1,亙,41,覃,ᄄᆡᇰ,3,ᄄᆡᇰ〮,鋥䂻
1,44,1,亟,41,覃,ᄄᆡᆨ,4,ᄄᆡᆨ〮,宅澤狊睪檡擇襗鸅翟
1,45,1,揯,42,那,ᄂᆡᇰ,1,ᄂᆡᇰ,儜獰薴鬡鬤攘囊
1,45,1,亟,42,那,ᄂᆡᆨ,4,ᄂᆡᆨ〮,搦
1,45,1,揯,43,彆,ᄇᆡᇰ,1,ᄇᆡᇰ,祊閍旁榜傍繃綳伻抨逬抨絣帲
1,45,1,亙,43,彆,ᄇᆡᇰ,3,ᄇᆡᇰ〮,逬跰榜搒
1,45,1,亟,43,彆,ᄇᆡᆨ,4,ᄇᆡᆨ〮,百伯柏栢㼣迫薜檗蘗蘗擘擗辟捭
1,46,1,揯,44,漂,ᄑᆡᇰ,1,ᄑᆡᇰ,烹磅磞輧澎滂苹砰硑匉怦軯駍抨閛荓逬
1,46,1,亟,44,漂,ᄑᆡᆨ,4,ᄑᆡᆨ〮,拍珀魄霸㵡
1,47,1,揯,45,步,ᄈᆡᇰ,1,ᄈᆡᇰ,彭騯搒榜輣棚趽弸
1,47,1,肯,45,步,ᄈᆡᇰ,2,ᄈᆡᇰ〯,蠯蜯蚌魶倂倂
1,47,1,亟,45,步,ᄈᆡᆨ,4,ᄈᆡᆨ〮,白苩帛舶艊鮊
1,47,1,揯,46,彌,ᄆᆡᇰ,1,ᄆᆡᇰ,盲瞢朚蝱虻杗莔甍萌氓鄳黽嫇
1,47,1,肯,46,彌,ᄆᆡᇰ,2,ᄆᆡᇰ〯,猛艋蜢蠎
1,47,1,亙,46,彌,ᄆᆡᇰ,3,ᄆᆡᇰ〮,孟盟明
1,47,1,亟,46,彌,ᄆᆡᆨ,4,ᄆᆡᆨ〮,陌佰貊狢㹮百貘獏驀莫麥脉霢覛
1,48,1,揯,47,即,ᄌᆡᇰ,1,ᄌᆡᇰ,爭箏諍綪
1,48,1,亙,47,即,ᄌᆡᇰ,3,ᄌᆡᇰ〮,諍倀
1,48,1,亟,47,即,ᄌᆡᆨ,4,ᄌᆡᆨ〮,迮窄笮筰柞唶措齰齚責幘嘖債簀瞔咋
1,49,1,揯,48,侵,ᄎᆡᇰ,1,ᄎᆡᇰ,琤錚鏳鎗鏿鏘槍搶鐺
1,49,1,亟,48,侵,ᄎᆡᆨ,4,ᄎᆡᆨ〮,䇿筴䓶冊柵䜺
1,49,1,揯,49,慈,ᄍᆡᇰ,1,ᄍᆡᇰ,傖崢嶒
1,49,1,亟,49,慈,ᄍᆡᆨ,4,ᄍᆡᆨ〮,賾齰
1,50,1,揯,50,戌,ᄉᆡᇰ,1,ᄉᆡᇰ,生笙牲鉎鼪䲼甥猩狌
1,50,1,肯,50,戌,ᄉᆡᇰ,2,ᄉᆡᇰ〯,省眚㾪
1,50,1,亙,50,戌,ᄉᆡᇰ,3,ᄉᆡᇰ〮,生
1,50,1,亟,50,戌,ᄉᆡᆨ,4,ᄉᆡᆨ〮,索愬覤槭色嗇穡
1,50,1,揯,51,挹,ᅙᆡᇰ,1,ᅙᆡᇰ,罌甖甇罃鸚䨉櫻嚶蘡鶯鸎嫈
1,50,1,亟,51,挹,ᅙᆡᆨ,4,ᅙᆡᆨ〮,戹厄阸阨軶軛扼鬲搤㧖扼啞䛩
1,51,1,揯,52,洪,ᅘᆡᇰ,1,ᅘᆡᇰ,行珩桁衡蘅莖䪫
1,51,1,肯,52,洪,ᅘᆡᇰ,2,ᅘᆡᇰ〯,杏荇䓷幸倖婞行
1,51,1,亙,52,洪,ᅘᆡᇰ,3,ᅘᆡᇰ〮,行
1,51,1,亟,52,洪,ᅘᆡᆨ,4,ᅘᆡᆨ〮,格輅覈礉翮核槅
1,52,1,揯,53,閭,ᄅᆡᇰ,1,ᄅᆡᇰ,磷
1,52,1,肯,53,閭,ᄅᆡᇰ,2,ᄅᆡᇰ〯,冷
1,52,2,觥,1,君,괴ᇰ,1,괴ᇰ,觥
1,52,2,礦,1,君,괴ᇰ,2,괴ᇰ〯,礦鑛卝獷懭䵃
1,52,2,虢,1,君,괵,4,괵〮,虢馘蟈蜮幗簂摑敋膕
1,53,2,觥,2,快,쾨ᇰ,1,쾨ᇰ,鞃䡏鞃䡌
1,53,2,觥,3,挹,ᅙᅬᇰ,1,ᅙᅬᇰ,泓
1,53,2,虢,3,挹,ᅙᅬᆨ,4,ᅙᅬᆨ〮,擭攫韄䪝濩彠
1,53,2,觥,4,虗,회ᇰ,1,회ᇰ,諻䎕訇渹鍧薨轟輷
1,53,2,虢,4,虗,획,4,획〮,砉騞湱剨謋諕漷郭劃劐
1,54,2,觥,5,洪,ᅘᅬᇰ,1,ᅘᅬᇰ,橫衡鐄璜䬝黌彋瑝喤鍠蝗揘宏䆖紘紭鈜吰竑耾翃谹閎䍔宖嶸嵤峵弘苰鞃䡌
1,54,2,礦,5,洪,ᅘᅬᇰ,2,ᅘᅬᇰ〯,卝
1,54,2,横,5,洪,ᅘᅬᇰ,3,ᅘᅬᇰ〮,橫蝗
1,54,2,虢,5,洪,ᅘᅬᆨ,4,ᅘᅬᆨ〮,畫㗲咟嫿獲或惑掝蜮
1,55,3,肱,1,君,귀ᇰ,1,귀ᇰ,肱
1,55,3,國,1,君,귁,4,귁〮,國囯
1,55,3,肱,2,虗,휘ᇰ,1,휘ᇰ,薨翃
1,56,4,公,1,君,고ᇰ,1,고ᇰ,公工功紅糼攻㓚釭玒玜恭供䢼共龔
1,56,4,拱,1,君,고ᇰ,2,고ᇰ〯,拱共珙㺬栱拲㭟鞏蛬
1,56,4,貢,1,君,고ᇰ,3,고ᇰ〮,貢贑灨㔶㯯虹羾供
1,56,4,穀,1,君,곡,4,곡〮,穀轂㲄谷告誥牿梏䶜拲輂檋挶蹻屩䡞挶拘絭
1,57,4,公,2,快,코ᇰ,1,코ᇰ,空箜悾倥椌崆
1,57,4,拱,2,快,코ᇰ,2,코ᇰ〯,孔空悾倥恐㤟跫
1,57,4,貢,2,快,코ᇰ,3,코ᇰ〮,控倥鞚悾空恐
1,57,4,穀,2,快,콕,4,콕〮,哭酷嚳曲䒼筁
1,58,4,公,3,虯,꼬ᇰ,1,꼬ᇰ,蛩邛筇㮪舼
1,58,4,貢,3,虯,꼬ᇰ,3,꼬ᇰ〮,共
1,58,4,公,4,業,ᅌᅩᇰ,1,ᅌᅩᇰ,顒喁鰅湡禺
1,58,4,穀,4,業,ᅌᅩᆨ,4,ᅌᅩᆨ〮,玉獄
1,58,4,公,5,斗,도ᇰ,1,도ᇰ,東蝀涷凍冬
1,58,4,拱,5,斗,도ᇰ,2,도ᇰ〯,董蕫懂蝀湩重
1,58,4,貢,5,斗,도ᇰ,3,도ᇰ〮,凍涷蝀棟湩重
1,58,4,穀,5,斗,독,4,독〮,篤毒督裻
1,59,4,公,6,呑,토ᇰ,1,토ᇰ,通恫痌侗桐
1,59,4,拱,6,呑,토ᇰ,2,토ᇰ〯,侗桶捅曈統
1,59,4,貢,6,呑,토ᇰ,3,토ᇰ〮,痛統
1,59,4,穀,6,呑,톡,4,톡〮,秃鵚
1,60,4,公,7,覃,또ᇰ,1,또ᇰ,同仝筒侗峒桐銅絧鮦酮詷挏㢥衕童僮曈晍朣穜瞳犝潼橦艟氃罿筩彤蚒浵佟㤏鼕爞
1,60,4,拱,7,覃,또ᇰ,2,또ᇰ〯,動洞挏詷眮酮
1,60,4,貢,7,覃,또ᇰ,3,또ᇰ〮,洞峒詷恫絧挏筒衕動慟
1,60,4,穀,7,覃,똑,4,똑〮,牘讀讟瀆竇櫝匵犢獨黷韇殰嬻䢱瓄獨韣髑䫳頊毒纛蝳
1,61,4,公,8,那,노ᇰ,1,노ᇰ,濃農膿癑醲濃襛穠
1,62,4,拱,8,那,노ᇰ,2,노ᇰ〯,[多農]
1,62,4,公,9,彆,보ᇰ,1,보ᇰ,風飌楓檒封犎㸼葑
1,62,4,拱,9,彆,보ᇰ,2,보ᇰ〯,琫鞛琣唪菶玤䋽覂泛䟪
1,62,4,貢,9,彆,보ᇰ,3,보ᇰ〮,諷風
1,62,4,穀,9,彆,복,4,복〮,卜檏轐㒒濮纀襆幞福幅䋹畐輻福蝠葍蕧腹複鍑鍢復襮不
1,63,4,公,10,漂,포ᇰ,1,포ᇰ,豐酆灃蘴葑䵄丰䒠夆蜂峯峰桻鋒烽㶻蠭蚌
1,63,4,拱,10,漂,포ᇰ,2,포ᇰ〯,捧奉
1,63,4,貢,10,漂,포ᇰ,3,포ᇰ〮,賵麷葑封
1,63,4,穀,10,漂,폭,4,폭〮,扑撲剝䇚墣圤醭蝮輹覆副
1,64,4,公,11,步,뽀ᇰ,1,뽀ᇰ,蓬篷竼逢韸韼髼鬔塳塚菶芃馮渢汎逢縫摓夆
1,64,4,拱,11,步,뽀ᇰ,2,뽀ᇰ〯,奉唪
1,64,4,貢,11,步,뽀ᇰ,3,뽀ᇰ〮,鳳俸奉縫
1,64,4,穀,11,步,뽁,4,뽁〮,㒒㒒暴曝瀑伏茯栿垘復澓洑輹馥服菔箙鞴鵩匐虙宓幞襆纀
1,66,4,公,12,彌,모ᇰ,1,모ᇰ,蒙冡幪曚朦朦濛靀艨矇饛䀄盅雺霚霧霿罞髳䟥懵懜鄸瞢矒夢懜
1,66,4,拱,12,彌,모ᇰ,2,모ᇰ〯,蠓曚幪濛蒙懵懜懞
1,66,4,貢,12,彌,모ᇰ,3,모ᇰ〮,濛艨雺霧夢懜懵㝱瞢
1,66,4,穀,12,彌,목,4,목〮,木沐霂蚞楘鞪鶩毣目苜萺睦牧坶㙁穆繆
1,68,4,公,13,即,조ᇰ,1,조ᇰ,㚇翪椶騣稯緵堫稯鬷猣艐朡鍐葼葼嵕鬉總豵嵸宗
1,68,4,拱,13,即,조ᇰ,2,조ᇰ〯,總摠傯熜憁稯䰌蓯嵸縱鬷翪
1,68,4,貢,13,即,조ᇰ,3,조ᇰ〮,糉粽緵㚇傯揔綜䝋
1,68,4,穀,13,即,족,4,족〮,鏃鉃
1,69,4,公,14,侵,초ᇰ,1,초ᇰ,悤忩蔥聰驄璁䆫
1,69,4,貢,14,侵,초ᇰ,3,초ᇰ〮,謥憁
1,69,4,穀,14,侵,촉,4,촉〮,蔟簇瘯
1,69,4,公,15,慈,쪼ᇰ,1,쪼ᇰ,叢樷藂䕺潨灇漎賨悰賩悰琮淙慒誩
1,69,4,穀,15,慈,쪽,4,쪽〮,族
1,70,4,公,16,戌,소ᇰ,1,소ᇰ,鬆
1,70,4,拱,16,戌,소ᇰ,2,소ᇰ〯,駷摗
1,70,4,貢,16,戌,소ᇰ,3,소ᇰ〮,鬆宋
1,70,4,穀,16,戌,속,4,속〮,速遬藗蔌樕涑餗觫束捒
1,70,4,公,17,挹,ᅙᅩᇰ,1,ᅙᅩᇰ,翁蓊邕雝灉澭㴩廱廱㿈臃饔壅甕噰雍
1,70,4,拱,17,挹,ᅙᅩᇰ,2,ᅙᅩᇰ〯,蓊翁慃塕擁㨣壅廱邕雝
1,70,4,貢,17,挹,ᅙᅩᇰ,3,ᅙᅩᇰ〮,甕罋雍雝廱壅㙲饔灉
1,70,4,穀,17,挹,ᅙᅩᆨ,4,ᅙᅩᆨ〮,屋剭沃鋈
1,72,4,公,18,虗,호ᇰ,1,호ᇰ,烘
1,72,4,拱,18,虗,호ᇰ,2,호ᇰ〯,嗊澒汞
1,72,4,貢,18,虗,호ᇰ,3,호ᇰ〮,烘
1,72,4,穀,18,虗,혹,4,혹〮,豰熇歊旭勗頊
1,72,4,公,19,洪,ᅘᅩᇰ,1,ᅘᅩᇰ,洪葓葒烘谼鉷紅虹訌鴻洚䃔
1,72,4,拱,19,洪,ᅘᅩᇰ,2,ᅘᅩᇰ〯,鴻
1,72,4,貢,19,洪,ᅘᅩᇰ,3,ᅘᅩᇰ〮,哄閧洚
1,72,4,穀,19,洪,ᅘᅩᆨ,4,ᅘᅩᆨ〮,縠螜觳斛㪶槲鵠䶜䚛翯
1,73,4,公,20,閭,로ᇰ,1,로ᇰ,籠蘢巃巄㰍聾矓礱礲龐䮾櫳䆍曨朧瓏襱嚨豅谾蝕瀧攏䃧鏧㲇鏧
1,73,4,拱,20,閭,로ᇰ,2,로ᇰ〯,籠曨攏鸗竉
1,73,4,貢,20,閭,로ᇰ,3,로ᇰ〮,弄哢梇礱
1,73,4,穀,20,閭,록,4,록〮,祿簶碌錄琭睩盝鹿漉渌樚轆騼摝麓䍡簏箓甪谷濼録籙渌醁綠騄碌逯菉
1,75,4,拱,21,斗,됴ᇰ,2,됴ᇰ〯,冡塜
1,75,4,貢,21,斗,됴ᇰ,3,됴ᇰ〮,湩
1,75,4,穀,21,斗,됵,4,됵〮,斸钃欘
1,75,4,公,22,呑,툐ᇰ,1,툐ᇰ,蹱傭
1,75,4,拱,22,呑,툐ᇰ,2,툐ᇰ〯,寵龍
1,75,4,貢,22,呑,툐ᇰ,3,툐ᇰ〮,憃
1,75,4,穀,23,覃,뚁,4,뚁〮,躅䠱
1,75,4,公,24,即,죠ᇰ,1,죠ᇰ,鍾鐘銿橦蹱徸忪彸蚣䚗縱從蹤踨樅瞛
1,75,4,拱,24,即,죠ᇰ,2,죠ᇰ〯,腫踵種
1,75,4,貢,24,即,죠ᇰ,3,죠ᇰ〮,縱從種
1,75,4,穀,24,即,죡,4,죡〮,足燭屬矚曯
1,76,4,公,25,侵,쵸ᇰ,1,쵸ᇰ,衝罿憧䡴艟䂌樅鏦䤸蓯從
1,76,4,穀,25,侵,쵹,4,쵹〮,促戚趣趨趗數觸臅歜亍
1,77,4,公,26,慈,쬬ᇰ,1,쬬ᇰ,從
1,77,4,貢,26,慈,쬬ᇰ,3,쬬ᇰ〮,從
1,77,4,公,27,戌,쇼ᇰ,1,쇼ᇰ,春憃摏蹖蜙蚣淞凇鬆
1,77,4,拱,27,戌,쇼ᇰ,2,쇼ᇰ〯,竦捒駷悚聳慫蓯嵷樅傱
1,77,4,穀,27,戌,쇽,4,쇽〮,粟㔄涑
1,78,4,公,28,邪,쑈ᇰ,1,쑈ᇰ,鱅慵松訟
1,78,4,拱,28,邪,쑈ᇰ,2,쑈ᇰ〯,[尣重][骨重]
1,78,4,貢,28,邪,쑈ᇰ,3,쑈ᇰ〮,頌誦訟
1,78,4,穀,28,邪,쑉,4,쑉〮,續藚俗贖蜀蠋蠾鐲韣襡䙱襩屬
1,78,4,公,29,欲,요ᇰ,1,요ᇰ,容頌蓉鎔溶榕褣傛瑢庸鏞傭墉䧡牅鷛鄘䡆䡥
1,78,4,拱,29,欲,요ᇰ,2,요ᇰ〯,甬筩俑涌湧桶埇踊踴蛹悀愑愹慂㬰容勇溶
1,78,4,貢,29,欲,요ᇰ,3,요ᇰ〮,用
1,78,4,穀,29,欲,욕,4,욕〮,欲慾鵒浴鋊谷
1,79,4,公,30,閭,료ᇰ,1,료ᇰ,龍籠蘢巃瓏龐寵
1,79,4,拱,30,閭,료ᇰ,2,료ᇰ〯,隴壟壠龍
1,80,4,公,31,穰,ᅀᅭᇰ,1,ᅀᅭᇰ,茸戎㲨
1,80,4,拱,31,穰,ᅀᅭᇰ,2,ᅀᅭᇰ〯,宂茸䢇㲩氄䩸縟㭜軵
1,80,4,穀,31,穰,ᅀᅭᆨ,4,ᅀᅭᆨ〮,辱蓐褥溽縟鄏
1,81,5,江,1,君,가ᇰ,1,가ᇰ,江杠矼玒玜釭扛岡剛㓻綱鋼堈犅牨掆扛亢肮吭頑㽘蚢伉杭㼚迒薑疆彊壃疅橿韁僵殭礓姜
1,81,5,講,1,君,가ᇰ,2,가ᇰ〯,講耩港㽘繦鏹襁
1,81,5,絳,1,君,가ᇰ,3,가ᇰ〮,絳紅降洚虹彊
1,81,5,覺,1,君,각,4,각〮,覺角确桷構捔埆觳榷搉傕較斠梏玨㲄脚蹻屩繑鞽屫各閣格袼
1,83,5,江,2,快,카ᇰ,1,카ᇰ,腔羫椌控悾矼跫康糠粇慷忼㼹亢羌猐蜣
1,83,5,講,2,快,카ᇰ,2,카ᇰ〯,控忼慷吭頏肮
1,83,5,絳,2,快,캉,3,캉〮,亢炕犺抗杭忼慷伉閌康
1,83,5,覺,2,快,칵,4,칵〮,嗀殼愨慤毃搉確碻礐㙾确埆硞却恪
1,84,5,江,3,虯,까ᇰ,1,까ᇰ,彊弜
1,84,5,講,3,虯,까ᇰ,2,까ᇰ〯,彊勥滰
1,84,5,絳,3,虯,까ᇰ,3,까ᇰ〮,强倞弶摾
1,84,5,覺,3,虯,깍,4,깍〮,噱醵䣰臄蹻勪
1,85,5,江,4,業,ᅌᅡᇰ,1,ᅌᅡᇰ,㟅卬昂㭿䭹枊仰
1,85,5,講,4,業,ᅌᅡᇰ,2,ᅌᅡᇰ〯,䭹䭺仰卯
1,85,5,絳,4,業,ᅌᅡᇰ,3,ᅌᅡᇰ〮,枊仰卬
1,85,5,覺,4,業,ᅌᅡᆨ,4,ᅌᅡᆨ〮,嶽鸑樂虐瘧咢諤讍鰐鱷堮愕蘁齶崿㟧㟧鍔鶚鄂萼蘁噩
1,86,5,江,5,斗,다ᇰ,1,다ᇰ,當鐺璫艡襠簹
1,86,5,講,5,斗,다ᇰ,2,다ᇰ〯,黨讜譡欓矘䣊䣣党
1,86,5,絳,5,斗,다ᇰ,3,다ᇰ〮,讜當擋瓽
1,86,5,江,6,呑,타ᇰ,1,타ᇰ,湯蕩蕩鐺鏜闛閶
1,86,5,講,6,呑,타ᇰ,2,타ᇰ〯,儻曭帑
1,86,5,絳,6,呑,타ᇰ,3,타ᇰ〮,儻盪逿蕩
1,86,5,覺,6,呑,탁,4,탁〮,逴踔託侂拓托袥柝橐籜魄
1,87,5,江,7,覃,따ᇰ,1,따ᇰ,唐塘餹糖糛餳螗瑭榶溏傏盪堂螳棠㭻砀踼逿
1,87,5,講,7,覃,따ᇰ,2,따ᇰ〯,蕩蕩盪璗瑒崵砀愓㛫
1,87,5,絳,7,覃,따ᇰ,3,따ᇰ〮,宕碭菪愓湯踼逿蕩盪
1,87,5,覺,7,覃,딱,4,딱〮,鐸凙澤度剫
1,89,5,江,8,那,나ᇰ,1,나ᇰ,囊
1,89,5,講,8,那,나ᇰ,2,나ᇰ〯,曩瀼㶞
1,89,5,絳,8,那,나ᇰ,3,나ᇰ〮,儾灢
1,89,5,覺,8,那,낙,4,낙〮,諾
1,89,5,江,9,彆,바ᇰ,1,바ᇰ,邦彭搒榜謗方坊埅枋祊蚄
1,89,5,講,9,彆,바ᇰ,2,바ᇰ〯,䋽榜昉倣放方瓬
1,89,5,絳,9,彆,바ᇰ,3,바ᇰ〮,謗榜榜放舫枋妨
1,89,5,覺,9,彆,박,4,박〮,剥忉駮䭸爆嚗博簙搏髆膊胉拍鎛餺煿爆薄欂鑮䥬襮
1,90,5,江,10,漂,파ᇰ,1,파ᇰ,胮滂霶雱汸磅鎊芳妨彷防
1,90,5,講,10,漂,파ᇰ,2,파ᇰ〯,仿髣紡
1,90,5,絳,10,漂,파ᇰ,3,파ᇰ〮,滂訪
1,90,5,覺,10,漂,팍,4,팍〮,璞㺪檏墣圤鏷朴颮粕膊猼薄濼漌泊
1,91,5,江,11,步,빠ᇰ,1,빠ᇰ,龐逄逢蠭旁傍徬房彷仿傍方彭房防坊埅魴鰟
1,91,5,講,11,步,빠ᇰ,2,빠ᇰ〯,棒蚌蜂䰷蛖玤䎧
1,91,5,絳,11,步,빠ᇰ,3,빠ᇰ〮,傍並竝徬旁防坊
1,91,5,覺,11,步,빡,4,빡〮,雹骲彴犦㩧暴懪撲瓝瓟鰒服縛泊箔魄薄礴欂簿亳
1,93,5,江,12,彌,마ᇰ,1,마ᇰ,尨哤駹厖龍茫汒忙恾㡛㡆蘉明亡忘杗芒鋩莣望朢朢
1,93,5,講,12,彌,마ᇰ,2,마ᇰ〯,厖莽漭㟐蟒茫網魍蝄方輞惘誷罔
1,93,5,絳,12,彌,마ᇰ,3,마ᇰ〮,妄忘望朢
1,93,5,覺,12,彌,막,4,막〮,邈藐貌莫漠暯摸膜鏌塻瞙眊蟆鄚幕寞瘼
1,95,5,江,13,即,자ᇰ,1,자ᇰ,臧贓戕牂将莊妝娤糚粧糚
1,95,5,講,13,即,자ᇰ,2,자ᇰ〯,駔髒驡
1,95,5,絳,13,即,자ᇰ,3,자ᇰ〮,葬㘸塟髒壯
1,95,5,覺,13,即,작,4,작〮,作鑿
1,95,5,江,14,侵,차ᇰ,1,차ᇰ,倉蒼滄鶬創刱瘡
1,95,5,講,14,侵,차ᇰ,2,차ᇰ〯,蒼磢搶
1,95,5,絳,14,侵,차ᇰ,3,차ᇰ〮,創創凔滄愴倉剙
1,95,5,覺,14,侵,착,4,착〮,娖孎齪齱促擉捒捔錯剒昔厝
1,96,5,江,15,慈,짜ᇰ,1,짜ᇰ,藏
1,96,5,講,15,慈,짜ᇰ,2,짜ᇰ〯,奘
1,96,5,絳,15,慈,짜ᇰ,3,짜ᇰ〮,藏臧臟奘
1,96,5,覺,15,慈,짝,4,짝〮,昨酢柞怍㤰筰笮莋鑿
1,97,5,江,16,戌,사ᇰ,1,사ᇰ,桑桒顙喪霜孀驦騻爽鷞鸘
1,97,5,講,16,戌,사ᇰ,2,사ᇰ〯,顙磉嗓搡爽漺騻鸘塽鷞
1,97,5,絳,16,戌,사ᇰ,3,사ᇰ〮,喪
1,97,5,覺,16,戌,삭,4,삭〮,索
1,97,5,江,17,邪,싸ᇰ,1,싸ᇰ,牀床
1,97,5,絳,17,邪,싸ᇰ,3,싸ᇰ〮,狀
1,98,5,講,18,挹,ᅙᅡᇰ,2,ᅙᅡᇰ〯,坱泱岟姎盎醠
1,98,5,絳,18,挹,ᅙᅡᇰ,3,ᅙᅡᇰ〮,盎醠坱
1,98,5,覺,18,挹,ᅙᅡᆨ,4,ᅙᅡᆨ〮,渥幄屋握喔偓剭腛箹葯惡堊蝁
1,98,5,江,19,虗,하ᇰ,1,하ᇰ,肛舡
1,98,5,覺,19,虗,학,4,학〮,嗀謞藃豞䓼矐矐壑郝嗃熇歊鄗藃蠚螫
1,99,5,江,20,洪,ᅘᅡᇰ,1,ᅘᅡᇰ,降洚缸瓨缻虹斻航桁吭頑亢杭頑䀪䲳行桁
1,99,5,講,20,洪,ᅘᅡᇰ,2,ᅘᅡᇰ〯,項缿沆魧吭頏
1,99,5,絳,20,洪,ᅘᅡᇰ,3,ᅘᅡᇰ〮,巷衖閧閧吭肮頑亢笐桁沆行
1,99,5,覺,20,洪,ᅘᅡᆨ,4,ᅘᅡᆨ〮,學澩㶅嶨㙾埆鷽雤翯鶴㿥确觳鶴鸖鶮鶡鴳皬皠挌格貉狢涸沍
1,101,5,江,21,閭,라ᇰ,1,라ᇰ,郞廊榔浪硠琅桹蜋狼稂鋃筤閬
1,101,5,講,21,閭,라ᇰ,2,라ᇰ〯,朗㫰樠
1,101,5,絳,21,閭,라ᇰ,3,라ᇰ〮,浪狼埌閬
1,101,5,覺,21,閭,락,4,락〮,洛落酪嗠絡駱烙珞硌格落䈷路雒㓢㪾樂櫟櫟濼轢馲驝槖
1,102,5,江,22,斗,댜ᇰ,1,댜ᇰ,張粻漲
1,102,5,講,22,斗,댜ᇰ,2,댜ᇰ〯,長
1,102,5,絳,22,斗,댜ᇰ,3,댜ᇰ〮,帳張漲涱脹
1,102,5,覺,22,斗,댝,4,댝〮,著
1,103,5,江,23,呑,탸ᇰ,1,탸ᇰ,倀
1,103,5,講,23,呑,탸ᇰ,2,탸ᇰ〯,昶鋹
1,103,5,絳,23,呑,탸ᇰ,3,탸ᇰ〮,悵韔䩨鬯暢瑒
1,103,5,覺,23,呑,탹,4,탹〮,逴躇踱
1,103,5,江,24,覃,땨ᇰ,1,땨ᇰ,長萇場㙊畼腸脹
1,103,5,講,24,覃,땨ᇰ,2,땨ᇰ〯,丈杖仗
1,103,5,絳,24,覃,땨ᇰ,3,땨ᇰ〮,仗杖長
1,103,5,覺,24,覃,땩,4,땩〮,著
1,104,5,江,25,那,냐ᇰ,1,냐ᇰ,娘
1,104,5,絳,25,那,냐ᇰ,3,냐ᇰ〮,釀
1,104,5,江,26,即,쟈ᇰ,1,쟈ᇰ,將蔣螿槳漿章璋漳墇障㢓樟嫜彰鄣麞獐
1,104,5,講,26,即,쟈ᇰ,2,쟈ᇰ〯,獎将蔣槳掌
1,104,5,絳,26,即,쟈ᇰ,3,쟈ᇰ〮,將醬障鄣墇㢓章嶂瘴
1,104,5,覺,26,即,쟉,4,쟉〮,爵爝燋焳熦雀灼酌妁彴勺芍斫斮鐯櫡钃焯炤灼繳禚
1,105,5,江,27,侵,챠ᇰ,1,챠ᇰ,瑲鎗鏘創槍蹌搶牄鶬將嶈蹡斨昌閶闛菖倡娼猖廠
1,105,5,講,27,侵,챠ᇰ,2,챠ᇰ〯,搶摤敞氅惝廠僘倘
1,105,5,絳,27,侵,챠ᇰ,3,챠ᇰ〮,蹡蹌唱倡誯昌
1,105,5,覺,27,侵,챡,4,챡〮,碏踖皵鶕獵㹱芍綽婥
1,107,5,江,28,慈,쨔ᇰ,1,쨔ᇰ,牆墻檣艢嬙蘠薔廧戕
1,107,5,絳,28,慈,쨔ᇰ,3,쨔ᇰ〮,匠
1,107,5,覺,28,慈,쨕,4,쨕〮,㬭嚼噍
1,107,5,江,29,戌,샤ᇰ,1,샤ᇰ,襄驤瓖纕相湘緗箱廂商謪觴鬺䵼場傷湯漡禓禓愓饟餉
1,107,5,講,29,戌,샤ᇰ,2,샤ᇰ〯,想鯗鱶賞饟餉
1,107,5,絳,29,戌,샤ᇰ,3,샤ᇰ〮,相餉饟餉向殤傷
1,107,5,覺,29,戌,샥,4,샥〮,削鑠燿爍藥
1,108,5,江,30,邪,쌰ᇰ,1,쌰ᇰ,詳祥翔鴹庠常裳嘗償尙
1,108,5,講,30,邪,쌰ᇰ,2,쌰ᇰ〯,象像襐潒蟓橡上
1,108,5,絳,30,邪,쌰ᇰ,3,쌰ᇰ〮,尙上償
1,108,5,覺,30,邪,쌱,4,쌱〮,杓汋勺
1,109,5,江,31,挹,ᅙᅣᇰ,1,ᅙᅣᇰ,央泱秧鉠殃䄃柍鴦雵
1,109,5,講,31,挹,ᅙᅣᇰ,2,ᅙᅣᇰ〯,鞅怏詇柍佒䬬
1,109,5,絳,31,挹,ᅙᅣᇰ,3,ᅙᅣᇰ〮,怏䬬鞅
1,109,5,覺,31,挹,ᅙᅣᆨ,4,ᅙᅣᆨ〮,約葯箹蒦
1,110,5,江,32,虗,햐ᇰ,1,햐ᇰ,香虛鄕饗享膷
1,110,5,講,32,虗,햐ᇰ,2,햐ᇰ〯,響㗽鄕嚮饗蠁曏享
1,110,5,絳,32,虗,햐ᇰ,3,햐ᇰ〮,向珦鄕嚮曏䦳蠁
1,110,5,覺,32,虗,햑,4,햑〮,謔
1,110,5,江,33,欲,야ᇰ,1,야ᇰ,陽暘湯鍚楊揚煬烊颺瑒禓瘍痒傷霷㦹昜羊洋佯徉眻䁑鴹
1,110,5,講,33,欲,야ᇰ,2,야ᇰ〯,養懩瀁瀁潒痒癢
1,110,5,絳,33,欲,야ᇰ,3,야ᇰ〮,瀁瀁養樣羕養䍩恙煬颺
1,110,5,覺,33,欲,약,4,약〮,藥躍趯躒礿禴瀹爚爍鑰鸙龠籥
1,112,5,江,34,閭,랴ᇰ,1,랴ᇰ,良蜋俍踉量糧粮梁粱梁凉涼輬䣼
1,112,5,講,34,閭,랴ᇰ,2,랴ᇰ〯,兩緉裲魉良閬掚
1,112,5,絳,34,閭,랴ᇰ,3,랴ᇰ〮,諒亮涼掠倞悢惊緉兩量
1,112,5,覺,34,閭,략,4,략〮,略掠䂮
1,113,5,江,35,穰,ᅀᅣᇰ,1,ᅀᅣᇰ,穰瀼禳攘瓤勷
1,113,5,講,35,穰,ᅀᅣᇰ,2,ᅀᅣᇰ〯,壤䑋穰攘
1,113,5,絳,35,穰,ᅀᅣᇰ,3,ᅀᅣᇰ〮,讓
1,113,5,覺,35,穰,ᅀᅣᆨ,4,ᅀᅣᆨ〮,弱溺嫋蒻若箬蒻鄀
1,113,5,江,36,君,과ᇰ,1,과ᇰ,光洸潢垙珖珖橫僙恍
1,113,5,講,36,君,과ᇰ,2,과ᇰ〯,廣
1,113,5,絳,36,君,과ᇰ,3,과ᇰ〮,誑迋誆㤮廣橫櫎
1,113,5,覺,36,君,곽,4,곽〮,郭槨崞䧐擴彍矍戄钁玃蠼玃攫
1,114,5,江,37,快,콰ᇰ,1,콰ᇰ,匡筐洭恇眶劻
1,114,5,講,37,快,콰ᇰ,2,콰ᇰ〯,懬壙
1,114,5,絳,37,快,콰ᇰ,3,콰ᇰ〮,曠爌纊絖壙
1,114,5,覺,37,快,콱,4,콱〮,廓郭霩鞹鞟擴㨯躩
1,115,5,江,38,虯,꽈ᇰ,1,꽈ᇰ,狅
1,115,5,講,38,虯,꽈ᇰ,2,꽈ᇰ〯,迋俇
1,115,5,江,39,業,ᅌᅪᇰ,1,ᅌᅪᇰ,王
1,115,5,講,39,業,ᅌᅪᇰ,2,ᅌᅪᇰ〯,往暀皇
1,115,5,絳,39,業,ᅌᅪᇰ,3,ᅌᅪᇰ〮,暀旺王迋
1,115,5,覺,39,業,ᅌᅪᆨ,4,ᅌᅪᆨ〮,籰篗䈅
1,115,5,江,40,斗,돠ᇰ,1,돠ᇰ,樁
1,115,5,絳,40,斗,돠ᇰ,3,돠ᇰ〮,憃贑
1,115,5,覺,40,斗,돡,4,돡〮,斲卓踔逌倬琢啄噣涿諑㧻椓瘃斸
1,116,5,江,41,呑,톼ᇰ,1,톼ᇰ,憃
1,116,5,江,42,覃,똬ᇰ,1,똬ᇰ,幢撞橦䭚噇
1,116,5,絳,42,覃,똬ᇰ,3,똬ᇰ〮,䡴撞憧幢
1,116,5,覺,42,覃,똭,4,똭〮,濁鐲濯擢
1,116,5,覺,43,那,놕,4,놕〮,搦
1,116,5,覺,44,即,좍,4,좍〮,捉穱穛斮
1,117,5,江,45,侵,촤ᇰ,1,촤ᇰ,䆫牎摐鏦
1,117,5,絳,45,侵,촤ᇰ,3,촤ᇰ〮,堫
1,117,5,江,46,慈,쫘ᇰ,1,쫘ᇰ,淙從漎
1,117,5,絳,46,慈,쫘ᇰ,3,쫘ᇰ〮,漴
1,117,5,覺,46,慈,쫙,4,쫙〮,浞鋜鷟灂篧籗齺
1,117,5,江,47,戌,솨ᇰ,1,솨ᇰ,雙艭瀧
1,117,5,講,47,戌,솽,2,솽〯,𢥠
1,117,5,絳,47,戌,솨ᇰ,3,솨ᇰ〮,淙
1,117,5,覺,47,戌,솩,4,솩〮,朔矟槊鎙箾萷數欶嗽
1,118,5,江,48,挹,ᅙᅪᇰ,1,ᅙᅪᇰ,汪尫匡㑌
1,118,5,講,48,挹,ᅙᅪᇰ,2,ᅙᅪᇰ〯,枉
1,118,5,覺,48,挹,ᅙᅪᆨ,4,ᅙᅪᆨ〮,艧蠖彠矱嬳矍
1,118,5,江,49,虗,화ᇰ,1,화ᇰ,荒㡆㡛[巾芒]芒肓衁
1,118,5,講,49,虗,화ᇰ,2,화ᇰ〯,怳慌慌荒怳恍芒𣉪㬻爌
1,118,5,絳,49,虗,화ᇰ,3,화ᇰ〮,況湟兄貺軦兄
1,118,5,覺,49,虗,확,4,확〮,霍攉搉靃藿霩彍彏
1,119,5,江,50,洪,ᅘᅪᇰ,1,ᅘᅪᇰ,黃簧潢璜皇凰䳨篁餭煌堭墴瑝鍠韹隍湟艎騜䮲蝗喤惶徨遑偟䍿
1,119,5,講,50,洪,ᅘᅪᇰ,2,ᅘᅪᇰ〯,晃爌煌熿兤皩幌榥滉潢洸瀇
1,119,5,覺,50,洪,ᅘᅪᆨ,4,ᅘᅪᆨ〮,穫耯劐鑊濩擭
1,120,5,江,51,閭,롸ᇰ,1,롸ᇰ,瀧
1,120,5,覺,51,閭,롹,4,롹〮,犖
2,8,6,弓,1,君,구ᇰ,1,구ᇰ,弓躬匑匔宮
2,8,6,匊,1,君,국,4,국〮,匊菊蓻鞠掬鵴鞫諊告㘲泦
2,8,6,弓,2,快,쿠ᇰ,1,쿠ᇰ,穹芎鞠
2,8,6,䛪,2,快,쿠ᇰ,3,쿠ᇰ〮,䛪䠻㑋
2,8,6,匊,2,快,쿡,4,쿡〮,麴麯
2,9,6,弓,3,虯,꾸ᇰ,1,꾸ᇰ,窮藭
2,9,6,匊,3,虯,꾹,4,꾹〮,鞠局跼
2,9,6,匊,4,挹,ᅙᅮᆨ,4,ᅙᅮᆨ〮,彧稶稢郁澳燠燠隩薁
2,9,6,弓,5,洪,ᅘᅮᇰ,1,ᅘᅮᇰ,雄熊能
2,9,6,匊,6,業,ᅌᅲᆨ,4,ᅌᅲᆨ〮,囿
2,9,6,弓,7,斗,듀ᇰ,1,듀ᇰ,中忠衷
2,9,6,䛪,7,斗,듀ᇰ,3,듀ᇰ,中衷
2,9,6,匊,7,斗,듁,4,듁〮,竹竺筑築茿
2,10,6,弓,8,呑,튜ᇰ,1,튜ᇰ,忡
2,10,6,匊,8,呑,튝,4,튝〮,蓄稸矗閦
2,10,6,弓,9,覃,뜌ᇰ,1,뜌ᇰ,蟲爞烛盅沖冲种翀重蝩穜
2,10,6,重,9,覃,뜌ᇰ,2,뜌ᇰ〯,重鮦
2,10,6,䛪,9,覃,뜌ᇰ,3,뜌ᇰ〮,仲中蟲䖵重
2,10,6,匊,9,覃,뜍,4,뜍〮,逐蓫軸舳柚
2,11,6,匊,10,那,뉵,4,뉵〮,肭衄恧忸
2,11,6,弓,11,即,쥬ᇰ,1,쥬ᇰ,終䈺螽鼨衆
2,11,6,䛪,11,即,쥬ᇰ,3,쥬ᇰ〮,衆
2,11,6,匊,11,即,쥭,4,쥭〮,蹙戚䠓䠞縬顣踧蹴蹵蹴祝粥
2,11,6,弓,12,侵,츄ᇰ,1,츄ᇰ,充珫㤝茺
2,11,6,匊,12,侵,츅,4,츅〮,俶叔琡柷
2,12,6,弓,13,戌,슈ᇰ,1,슈ᇰ,嵩崧菘娀
2,12,6,匊,13,戌,슉,4,슉〮,肅鱐宿蓿夙縮蹜宿䎘肅謖莤菽叔鮛䱙倏儵
2,12,6,弓,14,邪,쓔ᇰ,1,쓔ᇰ,崇崈漴
2,12,6,匊,14,邪,쓕,4,쓕〮,孰熟塾淑婌琡淑
2,12,6,弓,15,虗,휴ᇰ,1,휴ᇰ,胷洶汹訩㕼兇恟忷凶跫
2,12,6,重,15,虗,휴ᇰ,2,휴ᇰ〯,洶詾㕳匈兇忷
2,12,6,䛪,15,虗,휴ᇰ,3,휴ᇰ〮,匈㕼
2,12,6,匊,15,虗,휵,4,휵〮,畜慉
2,13,6,弓,16,欲,유ᇰ,1,유ᇰ,融瀜肜烿
2,13,6,匊,16,欲,육,4,육〮,育毓堉粥昱煜焴儥賣鬻粥
2,14,6,弓,17,閭,류ᇰ,1,류ᇰ,隆窿霳癃
2,14,6,匊,17,閭,륙,4,륙〮,六陸坴稑穋蓼戮僇勠勎
2,14,6,弓,18,穰,ᅀᅲᇰ,1,ᅀᅲᇰ,戌駥狨絨茙襛
2,14,6,匊,18,穰,ᅀᅲᆨ,4,ᅀᅲᆨ〮,肉
2,15,7,京,1,君,겨ᇰ,1,겨ᇰ,京驚荊麠麖耕經涇
2,15,7,景,1,君,겨ᇰ,2,겨ᇰ〯,景警儆擏㯳檠境頸剄
2,15,7,敬,1,君,겨ᇰ,3,겨ᇰ〮,敬憼竟鏡獍勁徑逕經俓
2,15,7,隔,1,君,격,4,격〮,隔膈搹鬲革愅戟棘撠躆激擊撽轚墼噭
2,15,7,京,2,快,켜ᇰ,1,켜ᇰ,卿輕
2,15,7,景,2,快,켜ᇰ,2,켜ᇰ〯,謦綮
2,15,7,敬,2,快,켜ᇰ,3,켜ᇰ〮,慶輕罄磬
2,15,7,隔,2,快,켝,4,켝〮,隙䧍郤郄綌郤喫噭毄
2,15,7,京,3,虯,껴ᇰ,1,껴ᇰ,擎㢣擏檠檠鯨黥剠勍
2,15,7,敬,3,虯,껴ᇰ,3,껴ᇰ〮,競傹倞檠擎儆
2,15,7,隔,3,虯,껵,4,껵〮,劇屐跂
2,17,7,京,4,業,ᅌᅧᇰ,1,ᅌᅧᇰ,迎
2,17,7,敬,4,業,ᅌᅧᇰ,3,ᅌᅧᇰ〮,迎
2,17,7,隔,4,業,ᅌᅧᆨ,4,ᅌᅧᆨ〮,逆縌鶂鷁鶃霓艗搤虉鷊
2,17,7,京,5,斗,뎌ᇰ,1,뎌ᇰ,禎貞偵楨丁釘玎㣔
2,17,7,景,5,斗,뎌ᇰ,2,뎌ᇰ〯,頂顁酊打鼎
2,17,7,敬,5,斗,뎌ᇰ,3,뎌ᇰ〮,矴碇磸釘訂飣定顁
2,17,7,隔,5,斗,뎍,4,뎍〮,的暺馰㢩靮菂芍滴鏑樀嫡蹢豴甋適啇弔
2,18,7,京,6,呑,텨ᇰ,1,텨ᇰ,檉蟶偵遉赬竀靗聽廳汀渟朾綎䋼鞓䩠
2,18,7,景,6,呑,텨ᇰ,2,텨ᇰ〯,浧裎騁珽珵挺脡侹頲頊町圢䵺
2,18,7,敬,6,呑,텨ᇰ,3,텨ᇰ〮,遉偵聽庭侹汀
2,18,7,隔,6,呑,텩,4,텩〮,逖逷狄惕悐剔肆趯躍䢰摘硩俶倜
2,19,7,京,7,覃,뗘ᇰ,1,뗘ᇰ,呈程酲珵裎庭廷霆莛壬筳梃娗婷蜓鼮㹶亭停渟
2,19,7,景,7,覃,뗘ᇰ,2,뗘ᇰ〯,瑒挺艇鋌梃娗莛霆訂
2,19,7,敬,7,覃,뗘ᇰ,3,뗘ᇰ〮,鄭定廷霆
2,19,7,隔,7,覃,뗙,4,뗙〮,擲躑狄翟荻敵適笛篴迪頔翟鸐籊嚁糴籴滌條脩覿䚍踧逐浟咷
2,21,7,京,8,那,녀ᇰ,1,녀ᇰ,寧甯寍嚀
2,21,7,景,8,那,녀ᇰ,2,녀ᇰ〯,濘
2,21,7,敬,8,那,녀ᇰ,3,녀ᇰ〮,甯寧濘佞
2,21,7,隔,8,那,녁,4,녁〮,惄溺
2,22,7,京,9,彆,벼ᇰ,1,벼ᇰ,兵幷倂栟
2,22,7,景,9,彆,벼ᇰ,2,벼ᇰ〯,丙炳昞昺怲抦㨀蛃邴寎秉餠鉼倂幷屛偋幷辟箳鞞鞸
2,22,7,敬,9,彆,벼ᇰ,3,벼ᇰ〮,柄㨀秉枋怲倂幷屛
2,22,7,隔,9,彆,벽,4,벽〮,辟璧襞躃躄碧壁鼊繴逼偪福幅
2,23,7,京,10,漂,펴ᇰ,1,펴ᇰ,竮俜㽕娉頩荓
2,23,7,景,10,漂,펴ᇰ,2,펴ᇰ〯,頩
2,23,7,敬,10,漂,펴ᇰ,3,펴ᇰ〮,聘娉
2,23,7,隔,10,漂,펵,4,펵〮,僻辟薜癖擗霹礔澼劈擗䤨堛愊稫副疈罷
2,24,7,京,11,步,뼈ᇰ,1,뼈ᇰ,平苹萍苹蓱枰檘評缾甁䍈輧洴騈郱屛
2,24,7,景,11,步,뼈ᇰ,2,뼈ᇰ〯,並倂
2,24,7,敬,11,步,뼈ᇰ,3,뼈ᇰ〮,病平枰偋並
2,24,7,隔,11,步,뼉,4,뼉〮,擗僻闢辟甓愎煏
2,25,7,京,12,彌,며ᇰ,1,며ᇰ,明盟䳟䳟鳴名洺冥瞑蓂溟螟瞑覭䫤鄍銘名
2,25,7,景,12,彌,며ᇰ,2,며ᇰ〯,皿黽鼆蠯茗榠酩佲冥瞑溟
2,25,7,敬,12,彌,며ᇰ,3,며ᇰ〮,命鳴詺名瞑冥瞑
2,25,7,隔,12,彌,멱,4,멱〮,覓冪幕羃鼏幎冪塓冥汨幦幭篾
2,26,7,京,13,即,져ᇰ,1,져ᇰ,精睛蜻鶄菁晶晟旌征䋊鉦鯖鴊政正靑
2,26,7,景,13,即,져ᇰ,2,져ᇰ〯,井整
2,26,7,敬,13,即,져ᇰ,3,져ᇰ〮,精正政証
2,26,7,隔,13,即,젹,4,젹〮,積襀鰿迹跡蹟脊蹐䳭鯽踖借籍績勣隻摭跖墌坧炙
2,27,7,京,14,侵,쳐ᇰ,1,쳐ᇰ,淸圊靑鯖
2,27,7,景,14,侵,쳐ᇰ,2,쳐ᇰ〯,請睛
2,27,7,敬,14,侵,쳐ᇰ,3,쳐ᇰ〮,婧淸淸倩靘
2,27,7,隔,14,侵,쳑,4,쳑〮,刺措磧赤捇皵戚鏚慽慼墄鼜尺赤斥
2,28,7,京,15,慈,쪄ᇰ,1,쪄ᇰ,情啨晴暒䝼請
2,28,7,景,15,慈,쪄ᇰ,2,쪄ᇰ〯,靜竫靖靚淸穽汬
2,28,7,敬,15,慈,쪄ᇰ,3,쪄ᇰ〮,淨淸靜靚靘請靖阱穽
2,28,7,隔,15,慈,쪅,4,쪅〮,籍藉耤踖躤趞庴瘠胔塉寂諔漃
2,29,7,京,16,戌,셔ᇰ,1,셔ᇰ,聲殸星腥惺醒鯹篂胜
2,29,7,景,16,戌,셔ᇰ,2,셔ᇰ〯,省箵渻醒惺
2,29,7,敬,16,戌,셔ᇰ,3,셔ᇰ〮,性生姓醒腥胜聖
2,29,7,隔,16,戌,셕,4,셕〮,昔腊惜舄磶潟錫裼緆皙晳淅析㭊蜥釋澤繹適奭奭襫螫蠚郝赫睗晹
2,31,7,京,17,邪,쎠ᇰ,1,쎠ᇰ,餳成城誠郕盛筬
2,31,7,敬,17,邪,쎠ᇰ,3,쎠ᇰ〮,盛晟
2,31,7,隔,17,邪,쎡,4,쎡〮,席蓆夕汐穸射石祏鼫碩
2,31,7,京,18,挹,ᅙᅧᇰ,1,ᅙᅧᇰ,英瑛柍韺霙央㡕嬰賏瓔纓攖
2,31,7,景,18,挹,ᅙᅧᇰ,2,ᅙᅧᇰ〯,影澋癭廮
2,31,7,敬,18,挹,ᅙᅧᇰ,3,ᅙᅧᇰ〮,映暎
2,31,7,隔,18,挹,ᅙᅧᆨ,4,ᅙᅧᆨ,益嗌齸
2,32,7,京,19,虗,혀ᇰ,1,혀ᇰ,享朜馨
2,32,7,隔,19,虗,혁,4,혁〮,赫䓇焃爀嚇奭
2,32,7,京,20,洪,ᅘᅧᇰ,1,ᅘᅧᇰ,形郉刑侀鉶䤯型硎鈃㼛陘娙
2,32,7,景,20,洪,ᅘᅧᇰ,2,ᅘᅧᇰ〯,悻涬涬脛踁
2,32,7,敬,20,洪,ᅘᅧᇰ,3,ᅘᅧᇰ〮,脛踁
2,32,7,隔,20,洪,ᅘᅧᆨ,4,ᅘᅧᆨ〮,檄獥薂覡擊
2,33,7,京,21,欲,여ᇰ,1,여ᇰ,盈楹桯嬴㜲瀛攍㨕贏籯
2,33,7,景,21,欲,여ᇰ,2,여ᇰ〯,郢梬浧
2,33,7,敬,21,欲,여ᇰ,3,여ᇰ〮,硬鞭
2,33,7,隔,21,欲,역,4,역〮,睪繹譯驛懌嶧醳澤斁歝圛掖液腋亦帟奕弈弈㴒易蜴埸射
2,33,7,京,22,閭,려ᇰ,1,려ᇰ,令伶靈舲櫺軨㯪醽䍅酃蘦麢羚零蕶澪聆齡昤朎冷泠蛉玲鈴軨䡼怜鴒䴒翎瓴苓䕘笭䉖囹
2,33,7,景,22,閭,려ᇰ,2,려ᇰ〯,領嶺袊
2,33,7,敬,22,閭,려ᇰ,3,려ᇰ〮,令零
2,33,7,隔,22,閭,력,4,력〮,歷曆瀝癧櫪䍥靂磿鬲䰛㽁鎘鬴䥶鑠礫硌珞櫟轢轣瓅躒皪寥酈
2,35,7,京,23,君,ᄀᆑᇰ,1,ᄀᆑᇰ,扃坰駉絅
2,35,7,景,23,君,ᄀᆑᇰ,2,ᄀᆑᇰ〯,憬璟冏熲耿
2,35,7,隔,23,君,ᄀᆑᆨ,4,ᄀᆑᆨ〮,狊鵙鴃鴂鵻鼳湨
2,36,7,京,24,快,ᄏᆑᇰ,1,ᄏᆑᇰ,傾頃
2,36,7,景,24,快,ᄏᆑᇰ,2,ᄏᆑᇰ〯,頃傾檾䔛苘褧絅
2,36,7,隔,24,快,ᄏᆑᆨ,4,ᄏᆑᆨ〮,闃
2,36,7,京,25,虯,ᄁᆑᇰ,1,ᄁᆑᇰ,瓊琁璚瓗藑煢惸焭憌嬛㒌睘睘
2,37,7,京,26,業,ᅌᆑᇰ,1,ᅌᆑᇰ,榮瑩蠑醟
2,37,7,景,26,業,ᅌᆑᇰ,2,ᅌᆑᇰ〯,永
2,37,7,敬,26,業,ᅌᆑᇰ,3,ᅌᆑᇰ〮,詠咏永泳禜醟
2,37,7,京,27,戌,ᄉᆑᇰ,1,ᄉᆑᇰ,觪騂㙚垶
2,37,7,京,28,挹,ᅙᆑᇰ,1,ᅙᆑᇰ,縈
2,37,7,景,28,挹,ᅙᆑᇰ,2,ᅙᆑᇰ〯,濙㶈滎熒瑩
2,37,7,敬,28,挹,ᅙᆑᇰ,3,ᅙᆑᇰ〮,瑩鎣瀅滎瀯
2,37,7,隔,28,挹,ᅙᆑᆨ,4,ᅙᆑᆨ〮,域䧕淢棫緎蜮蟈閾罭
2,38,7,京,29,虗,ᄒᆑᇰ,1,ᄒᆑᇰ,兄
2,38,7,景,29,虗,ᄒᆑᇰ,2,ᄒᆑᇰ〯,詗
2,38,7,敬,29,虗,ᄒᆑᇰ,3,ᄒᆑᇰ〮,夐詗
2,38,7,隔,29,虗,ᄒᆑᆨ,4,ᄒᆑᆨ〮,殈瞁焱砉騞䦧赥謚洫淢侐䦗
2,38,7,京,30,洪,ᅘᆑᇰ,1,ᅘᆑᇰ,熒螢熒滎嵤巆濙
2,38,7,景,30,洪,ᅘᆑᇰ,2,ᅘᆑᇰ〯,迥泂炯
2,39,7,京,31,欲,ᄋᆑᇰ,1,ᄋᆑᇰ,營瀯瀠濴濚巆塋瑩
2,39,7,景,31,欲,ᄋᆑᇰ,2,ᄋᆑᇰ〯,潁穎㯋
2,39,7,隔,31,欲,ᄋᆑᆨ,4,ᄋᆑᆨ〮,役伇坄垼炈疫
2,40,8,根,1,君,ᄀᆞᆫ,1,ᄀᆞᆫ,根跟
2,40,8,艮,1,君,ᄀᆞᆫ,3,ᄀᆞᆫ〮,艮
2,40,8,懇,2,快,ᄏᆞᆫ,2,ᄏᆞᆫ〯,懇貇頎墾齦
2,40,8,根,3,業,ᅌᆞᆫ,1,ᅌᆞᆫ,垠圻垦
2,40,8,懇,3,業,ᅌᆞᆫ,2,ᅌᆞᆫ〯,限眼
2,40,8,根,4,呑,ᄐᆞᆫ,1,ᄐᆞᆫ,吞
2,40,8,根,5,挹,ᅙᆞᆫ,1,ᅙᆞᆫ,恩
2,40,8,根,6,君,근,1,근,巾䘜斤釿筋腱肋
2,40,8,懇,6,君,근,2,근〯,謹瑾槿菫巹
2,40,8,艮,6,君,근,3,근〮,靳㨷挋斤
2,40,8,訖,6,君,그ᇙ,4,그ᇙ〮,訖吃刏
2,41,8,艮,7,快,큰,3,큰〮,菣
2,41,8,訖,7,快,크ᇙ,4,크ᇙ〮,乞
2,41,8,根,8,虯,끈,1,끈,墐㮗勤懃廑㢙瘽慬懄菫墐芹斳蘄
2,41,8,懇,8,虯,끈,2,끈〯,近
2,41,8,艮,8,虯,끈,3,끈〮,僅㢙廑瑾饉殣覲菫瘽近
2,41,8,訖,8,虯,끄ᇙ,4,끄ᇙ〮,姞吉郅佶趌
2,42,8,根,9,業,ᅌᅳᆫ,1,ᅌᅳᆫ,銀垠圻沂珢誾訔言訢言齗釿沂听齦狺㹞嚚鄞沂
2,42,8,懇,9,業,ᅌᅳᆫ,2,ᅌᅳᆫ〯,听
2,42,8,艮,9,業,ᅌᅳᆫ,3,ᅌᅳᆫ〮,憖垽
2,42,8,訖,9,業,ᅌᅳᇙ,4,ᅌᅳᇙ〮,疙仡屹阣疑
2,43,8,根,10,即,즌,1,즌,臻溱榛樼蓁
2,43,8,訖,10,即,즈ᇙ,4,즈ᇙ〮,櫛楖瀄
2,43,8,懇,11,侵,츤,2,츤〯,齔
2,43,8,艮,11,侵,츤,3,츤〮,櫬襯藽齔齓
2,43,8,根,12,慈,쯘,1,쯘,榛
2,43,8,根,13,戌,슨,1,슨,莘峷詵姺侁駪甡㜪嫀籸兟
2,43,8,訖,13,戌,스ᇙ,4,스ᇙ〮,瑟璱飋蝨虱
2,44,8,根,14,挹,ᅙᅳᆫ,1,ᅙᅳᆫ,殷慇蒑磤濦㶏溵㥯
2,44,8,懇,14,挹,ᅙᅳᆫ,2,ᅙᅳᆫ〯,隱檼櫽濦㶏䌥嶾㒚慇殷磤
2,44,8,艮,14,挹,ᅙᅳᆫ,3,ᅙᅳᆫ〮,㒚傿㥼隱㶏櫽殷
2,45,8,根,15,虗,흔,1,흔,欣俽惞訢忻昕炘
2,45,8,艮,15,虗,흔,3,흔〮,焮炘
2,45,8,訖,15,虗,흐ᇙ,4,흐ᇙ〮,肸肹迄訖愾釳汔忔
2,45,8,根,16,洪,ᅘᅳᆫ,1,ᅘᅳᆫ,痕鞎拫
2,45,8,懇,16,洪,ᅘᅳᆫ,2,ᅘᅳᆫ〯,很
2,45,8,艮,16,洪,ᅘᅳᆫ,3,ᅘᅳᆫ〮,恨
2,45,8,懇,17,君,긴,2,긴〯,緊
2,45,8,訖,17,君,기ᇙ,4,기ᇙ〮,吉拮
2,45,8,訖,18,快,키ᇙ,4,키ᇙ〮,詰蛣
2,45,8,根,19,斗,딘,1,딘,珍鉁鎭瑱塡滇縝
2,45,8,艮,19,斗,딘,3,딘〮,鎭塡瑱
2,45,8,訖,19,斗,디ᇙ,4,디ᇙ〮,窒銍挃秷庢
2,46,8,根,20,呑,틴,1,틴,[犭聮]
2,46,8,懇,20,呑,틴,2,틴〯,辴疢
2,46,8,艮,20,呑,틴,3,틴〮,疢趁趂
2,46,8,訖,20,呑,티ᇙ,4,티ᇙ〮,抶眣咥欪
2,46,8,根,21,覃,띤,1,띤,陳塵塡窴
2,46,8,懇,21,覃,띤,2,띤〯,紖絼朕眹
2,46,8,艮,21,覃,띤,3,띤〮,陣搌診
2,46,8,訖,21,覃,띠ᇙ,4,띠ᇙ〮,秩袟紩柣帙袠翐姪
2,47,8,根,22,那,닌,1,닌,紉
2,47,8,訖,22,那,니ᇙ,4,니ᇙ〮,䁥昵㥾怩尼䵒䵑
2,47,8,根,23,彆,빈,1,빈,賔賓濵頻彬霦虨豳
2,47,8,艮,23,彆,빈,3,빈〮,儐擯殯鬢
2,47,8,訖,23,彆,비ᇙ,4,비ᇙ〮,必珌㻫鉍畢罼畢㓖䬛䫾韠鞸縪彃饆蹕篳滭㳼觱筆笔
2,48,8,根,24,漂,핀,1,핀,繽
2,48,8,訖,24,漂,피ᇙ,4,피ᇙ〮,匹疋鵯卑
2,48,8,根,25,步,삔,1,삔,頻顰卑矉嚬嬪蠙濵貧
2,48,8,懇,25,步,삔,2,삔〯,牝臏
2,48,8,訖,25,步,삐ᇙ,4,삐ᇙ〮,邲飶鉍柲佖駜怭泌怭苾馝比弼拂佛
2,49,8,根,26,彌,민,1,민,民泯珉瑉玟碈砇岷㟭汶㞶文罠緡痻暋旻憫旼忞暋閩
2,49,8,懇,26,彌,민,2,민〯,愍緡暋敃忞昬惛閔㥸憫潣泯簢敏泯澠黽勔僶脗
2,49,8,訖,26,彌,미ᇙ,4,미ᇙ〮,蜜宓密謐䤉沕密密蔤
2,51,8,根,27,即,진,1,진,津璡眞磌振侲帪䟴桭栕甄籈畛震
2,51,8,懇,27,即,진,2,진〯,盡儘賮贐軫診聄眕畛䂦紾袗裖疹鬒黰縝稹振賑
2,51,8,艮,27,即,진,3,진〮,晉縉搢瑨進震振賑侲娠䟴蜄袗裖挋甄
2,51,8,訖,27,即,지ᇙ,4,지ᇙ〮,堲卽即喞質劕鑕櫍礩瓆蛭桎郅晊騭只
2,53,8,根,28,侵,친,1,친,親媇瞋䀼嗔
2,53,8,艮,28,侵,친,3,친〮,親
2,53,8,訖,28,侵,치ᇙ,4,치ᇙ〮,七桼漆柒㯃叱
2,53,8,根,29,慈,찐,1,찐,秦螓
2,53,8,懇,29,慈,찐,2,찐〯,盡濜
2,53,8,訖,29,慈,찌ᇙ,4,찌ᇙ〮,疾嫉愱蒺
2,53,8,根,30,戌,신,1,신,辛新薪申柛伸信紳呻身娠
2,53,8,懇,30,戌,신,2,신〯,矧訠哂吲
2,53,8,艮,30,戌,신,3,신〮,信訊訉誶阠汛洒迅奞囟丗顖䪿申眒
2,53,8,訖,30,戌,시ᇙ,4,시ᇙ〮,悉蟋膝駟失室
2,54,8,根,31,邪,씬,1,씬,神旦辰晨宸麎臣
2,54,8,懇,31,邪,씬,2,씬〯,腎蜃蜄脤
2,54,8,艮,31,邪,씬,3,씬〮,燼賮進藎盡酳愼
2,54,8,訖,31,邪,씨ᇙ,4,씨ᇙ〮,實寔
2,55,8,根,32,挹,ᅙᅵᆫ,1,ᅙᅵᆫ,因㧢茵鞇筃姻婣絪駰氤烟陻㘻湮堙禋䄄諲㖶歅闉
2,55,8,艮,32,挹,ᅙᅵᆫ,3,ᅙᅵᆫ〮,印
2,55,8,訖,32,挹,ᅙᅵᇙ,4,ᅙᅵᇙ〮,乙鳦一壹
2,56,8,艮,33,虗,힌,3,힌〮,釁衅興亹
2,56,8,訖,33,虗,히ᇙ,4,히ᇙ〮,欯咭
2,56,8,根,34,洪,ᅘᅵᆫ,1,ᅘᅵᆫ,礥
2,56,8,根,35,欲,인,1,인,寅夤螾
2,56,8,懇,35,欲,인,2,인〯,引鈏靷縯戭濥蚓
2,56,8,艮,35,欲,인,3,인〮,㣧靷紖引
2,56,8,訖,35,欲,이ᇙ,4,이ᇙ〮,逸佚泆軼失佾溢㳑鎰
2,57,8,根,36,閭,린,1,린,鄰隣粼磷甐麟麐驎驎鱗䰼嶙潾瞵璘燐轔疄
2,57,8,懇,36,閭,린,2,린〯,嶙轔燐璘
2,57,8,艮,36,閭,린,3,린〮,吝悋憐恡磷遴僯瞵蹸轔躪躙粼潾甐鄰粦燐䗲藺
2,57,8,訖,36,閭,리ᇙ,4,리ᇙ〮,栗凓慄鷅搮篥
2,58,8,根,37,穰,ᅀᅵᆫ,1,ᅀᅵᆫ,人仁忎
2,58,8,懇,37,穰,ᅀᅵᆫ,2,ᅀᅵᆫ〯,忍
2,58,8,艮,37,穰,ᅀᅵᆫ,3,ᅀᅵᆫ〮,刃訒仞牣㸾軔韌軔忍認
2,58,8,訖,37,穰,ᅀᅵᇙ,4,ᅀᅵᇙ〮,日衵馹
2,59,9,昆,1,君,곤,1,곤,昆琨錕崐崑混緄鯤鯤卵鵾鯤緷褌裩晜䖵蜫䐊
2,59,9,袞,1,君,곤,2,곤〯,袞卷裷蔉混滾緄䃂錕輥昆鮌緷縳
2,59,9,睔,1,君,곤,3,곤〮,睔
2,59,9,骨,1,君,고ᇙ,4,고ᇙ〮,骨愲滑抇汨淈扢
2,60,9,昆,2,快,콘,1,콘,坤髠髨
2,60,9,袞,2,快,콘,2,콘〯,栶閫秵裀麇絭抇㧢齫齦壺
2,60,9,睔,2,快,콘,3,콘〮,因閫
2,60,9,骨,2,快,코ᇙ,4,코ᇙ〮,窟崫搰顝矻
2,61,9,睔,3,業,ᅌᅩᆫ,3,ᅌᅩᆫ〮,諢顐
2,61,9,骨,3,業,ᅌᅩᇙ,4,ᅌᅩᇙ〮,兀掘扤杌柮矹卼㐳刖舠䑢仡屼
2,61,9,昆,4,斗,돈,1,돈,敦墩墪惇弴蜳
2,61,9,睔,4,斗,돈,3,돈〮,頓敦
2,61,9,骨,4,斗,도ᇙ,4,도ᇙ〮,咄嚉柮頓對
2,62,9,昆,5,呑,톤,1,톤,暾旽啍噋焞
2,62,9,袞,5,呑,톤,2,톤〯,畽
2,62,9,睔,5,呑,톤,3,톤〮,褪
2,62,9,昆,6,覃,똔,1,똔,屯純忳軘芚庉豚㹠臀臋燉敦
2,62,9,袞,6,覃,똔,2,똔〯,囤純沌遯遁踲豚腯盾敦
2,62,9,睔,6,覃,똔,3,똔〮,鈍遯遁腯
2,62,9,骨,6,覃,또ᇙ,4,또ᇙ〮,突堗腯腞怢
2,63,9,睔,7,那,논,3,논〮,嫰媆
2,63,9,骨,7,那,노ᇙ,4,노ᇙ〮,訥吶詘
2,63,9,昆,8,彆,본,1,본,奔賁
2,63,9,袞,8,彆,본,2,본〯,本笨
2,63,9,睔,8,彆,본,3,본〮,奔
2,64,9,昆,9,漂,폰,1,폰,歕濆噴
2,64,9,睔,9,漂,폰,3,폰〮,噴吩
2,64,9,骨,9,漂,포ᇙ,4,포ᇙ〮,朏
2,64,9,昆,10,步,뽄,1,뽄,盆瓫湓汾
2,64,9,袞,10,步,뽄,2,뽄〯,盆輽軬㮥
2,64,9,睔,10,步,뽄,3,뽄〮,坌坋湓
2,64,9,骨,10,步,뽀ᇙ,4,뽀ᇙ〮,孛悖愂哱浡馞㶿勃㪍渤㴾桲艴佛
2,65,9,昆,11,彌,몬,1,몬,門捫璊玧㻊樠汶虋穈亹
2,65,9,袞,11,彌,몬,2,몬〯,懣㦖鞔悗
2,65,9,睔,11,彌,몬,3,몬〮,悶懣滿惛㥃
2,65,9,骨,11,彌,모ᇙ,4,모ᇙ〮,沒歿圽勿
2,65,9,昆,12,即,존,1,존,尊罇墫鷷
2,65,9,袞,12,即,존,2,존〯,撙繜噂僔譐䔿
2,65,9,睔,12,即,존,3,존〮,焌捘
2,65,9,骨,12,即,조ᇙ,4,조ᇙ〮,卒倅稡
2,66,9,昆,13,侵,촌,1,촌,村
2,66,9,袞,13,侵,촌,2,촌〯,忖刌
2,66,9,睔,13,侵,촌,3,촌〮,寸刌
2,66,9,骨,13,侵,초ᇙ,4,초ᇙ〮,猝卒
2,66,9,昆,14,慈,쫀,1,쫀,存蹲踆
2,66,9,袞,14,慈,쫀,2,쫀〯,鱒墫
2,66,9,睔,14,慈,쫀,3,쫀〮,鐏鱒
2,66,9,骨,14,慈,쪼ᇙ,4,쪼ᇙ〮,捽崒崪
2,67,9,昆,15,戌,손,1,손,孫蓀䕖荃猻飱餐湌薞薞
2,67,9,袞,15,戌,손,2,손〯,損
2,67,9,睔,15,戌,손,3,손〮,巽潠噀遜愻孫
2,67,9,骨,15,戌,소ᇙ,4,소ᇙ〮,率蟀帥帨窣㞕䘏
2,67,9,昆,16,挹,ᅙᅩᆫ,1,ᅙᅩᆫ,溫縕瑥褞轀
2,67,9,袞,16,挹,ᅙᅩᆫ,2,ᅙᅩᆫ〯,穩
2,68,9,昆,17,虗,혼,1,혼,昏昬㖧閽婚昬棔惛暋
2,68,9,睔,17,虗,혼,3,혼〮,惛
2,68,9,骨,17,虗,호ᇙ,4,호ᇙ〮,忽惚㫚昒惛笏
2,68,9,昆,18,洪,ᅘᅩᆫ,1,ᅘᅩᆫ,䰟魂沄渾煇緷昆緄溷
2,68,9,袞,18,洪,ᅘᅩᆫ,2,ᅘᅩᆫ〯,混渾倱棍掍焜煇輥緷
2,68,9,睔,18,洪,ᅘᅩᆫ,3,ᅘᅩᆫ〮,慁㥵溷
2,68,9,骨,18,洪,ᅘᅩᇙ,4,ᅘᅩᇙ〮,麧籺覈齕紇搰鶻鴙滑淈核汨
2,69,9,昆,19,閭,론,1,론,論崘掄䑳侖
2,69,9,睔,19,閭,론,3,론〮,論
2,69,9,骨,19,閭,로ᇙ,4,로ᇙ〮,硉
2,70,10,干,1,君,간,1,간,干竿玕肝奸姧忓杆虷虷乾漧閒間蕑艱姦姧奸菅
2,70,10,笴,1,君,간,2,간〯,笴幹竿簳稈簳襉柬揀暕
2,70,10,旰,1,君,간,3,간〮,旰涆盰骭秆皯幹榦个諫襉㵎鐗覸瞯閒
2,70,10,葛,1,君,가ᇙ,4,가ᇙ〮,葛轕輵㵧割戛拮揳秸鞂䕸頡恝扴圿介
2,71,10,干,2,快,칸,1,칸,看栞刊靬慳鬜顅藖馯
2,71,10,笴,2,快,칸,2,칸〯,侃偘衎
2,71,10,旰,2,快,칸,3,칸〮,看侃偘衎
2,71,10,葛,2,快,카ᇙ,4,카ᇙ〮,渴劼㓤契挈鬜䈓㮫擖楬
2,72,10,干,3,業,ᅌᅡᆫ,1,ᅌᅡᆫ,顔
2,72,10,笴,3,業,ᅌᅡᆫ,2,ᅌᅡᆫ〯,眼
2,72,10,旰,3,業,ᅌᅡᆫ,3,ᅌᅡᆫ〮,岸䮗豻犴干矸諺喭鴈雁贗偐
2,72,10,葛,3,業,ᅌᅡᇙ,4,ᅌᅡᇙ〮,嶭䡾枿蘖㮆
2,73,10,干,4,斗,단,1,단,單簞匰癉襌殫鄲丹
2,73,10,笴,4,斗,단,2,단〯,亶單癉狚僤
2,73,10,旰,4,斗,단,3,단〮,旦狚鳴癉
2,73,10,葛,4,斗,다ᇙ,4,다ᇙ〮,怛撣䵣妲狚笪哳
2,74,10,干,5,呑,탄,1,탄,灘攤歎嘆嘽㨏
2,74,10,笴,5,呑,탄,2,탄〯,坦壇憚儃
2,74,10,旰,5,呑,탄,3,탄〮,炭歎嘆灘
2,74,10,葛,5,呑,타ᇙ,4,타ᇙ〮,闥撻達㺚达澾羍汏汰獺㺚
2,74,10,干,6,覃,딴,1,딴,壇墠檀驙彈憚撣鷤但儃聅
2,74,10,笴,6,覃,딴,2,딴〯,但亶袒襢亶觛誔訑蜑䗺蜓憚潬
2,74,10,旰,6,覃,딴,3,딴〮,憚彈弓僤撣但儃亶袒襢澶壇訑誔綻䘺䋎
2,74,10,葛,6,覃,따ᇙ,4,따ᇙ〮,達达
2,76,10,干,7,那,난,1,난,難난〯
2,76,10,笴,7,那,난,2,난〯,赧戁
2,76,10,旰,7,那,난,3,난〮,難攤㬮
2,76,10,葛,7,那,나ᇙ,4,나ᇙ〮,捺痆
2,76,10,干,8,彆,반,1,반,般䈲班辨斑頒攽朌般須扳斒豳虨
2,76,10,笴,8,彆,반,2,반〯,般版板蝂鈑
2,76,10,旰,8,彆,반,3,반〮,半絆靽
2,76,10,葛,8,彆,바ᇙ,4,바ᇙ〮,撥墢坺襏蹳鱍發鉢八朳㭭捌
2,77,10,干,9,漂,판,1,판,潘番拌攀扳眅
2,77,10,笴,9,漂,판,2,판〯,眅
2,77,10,旰,9,漂,판,3,판〮,判泮頖冸胖拌伴沜叛炍半番襻䙪扳盼盻
2,77,10,葛,9,漂,파ᇙ,4,파ᇙ〮,鏺癹㔇潑醱跋汃
2,78,10,干,10,步,빤,1,빤,盤柈磐鞶䩔幋搫縏媻䰉瘢瀊般弁卞磻蹣跘蟠胖繁䋣瓣
2,78,10,笴,10,步,빤,2,빤〯,伴並竝昄反
2,78,10,旰,10,步,빤,3,빤〮,畔泮伴叛瓣分辦辨
2,78,10,葛,10,步,빠ᇙ,4,빠ᇙ〮,跋軷坺胈魃钹妭苃犮撥拔
2,80,10,干,11,彌,만,1,만,瞞蹣樠鬗曼漫謾鏝慢墁饅縵鰻鄤鞔蠻
2,80,10,笴,11,彌,만,2,만〯,滿懣㒼矕
2,80,10,旰,11,彌,만,3,만〮,縵幔幕䡬謾漫墁曼慢僈漫嫚縵
2,80,10,葛,11,彌,마ᇙ,4,마ᇙ〮,末秣沫抹昩眜妺䴲㑻䀣䀛帓袹帕貊鞨
2,81,10,笴,12,即,잔,2,잔〯,䎒醆琖盞湔錢棧
2,81,10,旰,12,即,잔,3,잔〮,贊讚囋鄼灒濺淺湔
2,81,10,葛,12,即,자ᇙ,4,자ᇙ〮,拶札紥扎蚻蠽
2,82,10,干,13,侵,찬,1,찬,餐餐飡囋
2,82,10,笴,13,侵,찬,2,찬〯,剗鏟丳
2,82,10,旰,13,侵,찬,3,찬〮,粲燦璨㛑鏟剗剷
2,82,10,葛,13,侵,차ᇙ,4,차ᇙ〮,攃察䕓䶪刹
2,82,10,干,14,慈,짠,1,짠,戔殘殘潺孱虦
2,82,10,笴,14,慈,짠,2,짠〯,瓚棧轏僝虥
2,82,10,旰,14,慈,짠,3,짠〮,瓚棧㮍輚虥
2,82,10,葛,14,慈,짜ᇙ,4,짜ᇙ〮,巀囋囐啐
2,83,10,干,15,戌,산,1,산,珊跚姍䈀散刪潸訕山
2,83,10,笴,15,戌,산,2,산〯,散饊繖傘傘潸産簅嵼滻㹌汕鏟
2,83,10,旰,15,戌,산,3,산〮,散繖饊訕汕潸
2,83,10,葛,15,戌,사ᇙ,4,사ᇙ〮,躠蹩䕓攃撒摋殺薩殺煞閷鎩榝蔱
2,84,10,干,16,挹,ᅙᅡᆫ,1,ᅙᅡᆫ,安鞍黫黰殷
2,84,10,旰,16,挹,ᅙᅡᆫ,3,ᅙᅡᆫ〮,按案桉晏鷃鴳䳛
2,84,10,葛,16,挹,ᅙᅡᇙ,4,ᅙᅡᇙ〮,遏餲靄䨠頞齃按閼堨軋札圠揠扎乙鳦䝟䦪
2,85,10,干,17,虗,한,1,한,暵熯
2,85,10,笴,17,虗,한,2,한〯,䍐暵熯焊
2,85,10,旰,17,虗,한,3,한〮,漢暵熯
2,85,10,葛,17,虗,하ᇙ,4,하ᇙ〮,喝揭獦愒曷傄瞎
2,86,10,干,18,洪,ᅘᅡᆫ,1,ᅘᅡᆫ,寒韓榦幹翰䮧豻犴汗䢴邯閑閒嫺嫻憪瞯癇嫺痫鷴
2,86,10,笴,18,洪,ᅘᅡᆫ,2,ᅘᅡᆫ〯,旱悍限䦘僩憪撊
2,86,10,旰,18,洪,ᅘᅡᆫ,3,ᅘᅡᆫ〮,翰瀚澣扞捍干釬銲汗閈旱駻悍垾莧骭
2,86,10,葛,18,洪,ᅘᅡᇙ,4,ᅘᅡᇙ〮,曷害褐鞨毼鶡䳚轄螛黠舝轄鎋磍䦖䦪
2,87,10,干,19,閭,란,1,란,䦨蘭籣䪍瀾欄爛讕譋躝幱襴欗灡斕瞵潾
2,87,10,笴,19,閭,란,2,란〯,嬾懶孏㦨孄讕譋㘓灡
2,87,10,旰,19,閭,란,3,란〮,爛煉瀾讕譋諫瓓糷連
2,87,10,葛,19,閭,라ᇙ,4,라ᇙ〮,剌辢辣糲
2,88,10,干,20,君,관,1,관,官倌涫棺觀冠莞菅貫關擐癏瘝鰥矜綸
2,88,10,笴,20,君,관,2,관〯,管琯錧館輨痯悹悺斡盥
2,88,10,旰,20,君,관,3,관〮,貫鸛觀灌懽爟烜瓘矔館舘涫棺悹悺痯祼淉果盥冠慣貫串遦摜卝丱
2,88,10,葛,20,君,과ᇙ,4,과ᇙ〮,括葀栝䀨佸活适筈髺鬠鴰檜刮捖劀
2,90,10,干,21,快,콴,1,콴,寬寬劀
2,90,10,笴,21,快,콴,2,콴〯,款歀窾梡
2,90,10,葛,21,快,콰ᇙ,4,콰ᇙ〮,闊
2,981,10,干,22,業,ᅌᅪᆫ,1,ᅌᅪᆫ,岏忶蚖刓㝴园抏羱頑
2,981,10,笴,22,業,ᅌᅪᆫ,2,ᅌᅪᆫ〯,輐魧
2,981,10,旰,22,業,ᅌᅪᆫ,3,ᅌᅪᆫ〮,玩貦翫抏妧輐薍
2,981,10,葛,22,業,ᅌᅪᇙ,4,ᅌᅪᇙ〮,刖
2,91,10,干,23,斗,돤,1,돤,耑端褍剬
2,91,10,笴,23,斗,돤,2,돤〯,短斷
2,91,10,旰,23,斗,돤,3,돤〮,鍛煅碫腶斷段
2,91,10,葛,23,斗,돠ᇙ,4,돠ᇙ〮,掇剟敪毲咄窡
2,92,10,干,24,呑,퇀,1,퇀,湍煓貒猯
2,92,10,笴,24,呑,퇀,2,퇀〯,疃畽墥䠪
2,92,10,旰,24,呑,퇀,3,퇀〮,彖褖緣稅
2,92,10,葛,24,呑,톼ᇙ,4,톼ᇙ〮,侻挩稅說脫梲
2,92,10,干,25,覃,똰,1,똰,團專园塼漙漙慱摶摶㩛鷒篿敦揣鷻鶉剸
2,92,10,笴,25,覃,똰,2,똰〯,斷
2,92,10,旰,25,覃,똰,3,똰〮,段椴毈斷
2,92,10,葛,25,覃,똬ᇙ,4,똬ᇙ〮,奪敓脫
2,93,10,干,26,那,놘,1,놘,渜濡
2,93,10,笴,26,那,놘,2,놘〯,煖暖㬉愞餪
2,93,10,旰,26,那,놘,3,놘〮,愞懦需燸糯壖
2,93,10,葛,26,那,놔ᇙ,4,놔ᇙ〮,豽妠
2,94,10,干,27,即,좐,1,좐,鑚櫕跧
2,94,10,笴,27,即,좐,2,좐〯,纂繤纉䂎鐏櫕鄼儧
2,94,10,旰,27,即,좐,3,좐〮,鑚櫕
2,94,10,葛,27,即,좌ᇙ,4,좌ᇙ〮,繓撮攥茁
2,94,10,旰,28,侵,촨,3,촨〮,竄攛㸑熶簒
2,94,10,葛,28,侵,촤ᇙ,4,촤ᇙ〮,撮襊
2,95,10,干,29,慈,쫜,1,쫜,櫕穳攅㠝鄼菆挫
2,95,10,笴,29,慈,쫜,2,쫜〯,撰篹譔巽饌籑譔篹僎
2,95,10,旰,29,慈,쫜,3,쫜〮,攅饌襈撰篹僎僝譔
2,95,10,干,30,戌,솬,1,솬,酸狻䝜
2,95,10,笴,30,戌,솬,2,솬〯,算選撰篹
2,95,10,旰,30,戌,솬,3,솬〮,筭算笇蒜
2,95,10,葛,30,戌,솨ᇙ,4,솨ᇙ〮,刷選率
2,96,10,干,31,挹,ᅙᅪᆫ,1,ᅙᅪᆫ,剜蜿䖤眢豌彎關貫灣
2,96,10,笴,31,挹,ᅙᅪᆫ,2,ᅙᅪᆫ〯,盌埦椀綰
2,96,10,旰,31,挹,ᅙᅪᆫ,3,ᅙᅪᆫ〮,惋腕捥掔綰綄
2,96,10,葛,31,挹,ᅙᅪᇙ,4,ᅙᅪᇙ〮,斡捾婠嗗
2,97,10,干,32,虗,환,1,환,歡懽驩驩讙貛䝔獾貆
2,97,10,旰,32,虗,환,3,환〮,喚嚾讙渙煥奐漶
2,97,10,葛,32,虗,화ᇙ,4,화ᇙ〮,豁濊
2,97,10,干,33,洪,ᅘᅪᆫ,1,ᅘᅪᆫ,桓峘洹絙貆荁完綄捖丸芃汍紈䴟萑萑瓛豲獂還寰環鐶澴轘闤鬟圜䴉鍰患湲
2,97,10,笴,33,洪,ᅘᅪᆫ,2,ᅘᅪᆫ〯,緩䁔澣浣捖晥梡漶睅晥皖鋎莞攌
2,97,10,旰,33,洪,ᅘᅪᆫ,3,ᅘᅪᆫ〮,換逭䠉患擐轘環還豢圂㹖弮絭宦倌幻眩
2,97,10,葛,33,洪,ᅘᅪᇙ,4,ᅘᅪᇙ〮,活佸括佸越滑猾獪螖
2,99,10,干,34,閭,롼,1,롼,鸞鑾巒欒羉圝灤
2,99,10,笴,34,閭,롼,2,롼〯,卵
2,99,10,旰,34,閭,롼,3,롼〮,亂
2,99,10,葛,34,閭,롸ᇙ,4,롸ᇙ〮,捋
3,8,11,君,1,君,군,1,군,君軍皸麇
3,8,11,攟,1,君,군,2,군〯,攟攈捃
3,8,11,攈,1,君,군,3,군〮,攈捃攟
3,8,11,屈,1,君,구ᇙ,4,구ᇙ〮,屈劂厥
3,8,11,攟,2,快,쿤,2,쿤〯,麇
3,8,11,屈,2,快,쿠ᇙ,4,쿠ᇙ〮,屈絀詘誳
3,9,11,君,3,虯,꾼,1,꾼,羣群宭裙麇
3,9,11,攈,3,虯,꾼,3,꾼〮,郡
3,9,11,屈,3,虯,꾸ᇙ,4,꾸ᇙ〮,倔詘掘崛崫堀䘿屈詘淈
3,9,11,君,4,業,ᅌᅮᆫ,1,ᅌᅮᆫ,雲蕓云芸沄耘紜妘員縜熉鄖䢵
3,9,11,攟,4,業,ᅌᅮᆫ,2,ᅌᅮᆫ〯,抎
3,9,11,攈,4,業,ᅌᅮᆫ,3,ᅌᅮᆫ〮,運暈䩵韗[韋爰][革宣][革憲]鄆餫韻韵員
3,9,11,屈,4,業,ᅌᅮᇙ,4,ᅌᅮᇙ〮,䬑崛崫
3,10,11,君,5,彆,분,1,분,分饙
3,10,11,攟,5,彆,분,2,분〯,粉
3,10,11,攈,5,彆,분,3,분〮,糞拚坋瀵奮僨賁焚奔忿
3,10,11,屈,5,彆,부ᇙ,4,부ᇙ〮,弗沸紼茀颰黻翇帗绂韍冹苃芾綍蔽䭮髴不
3,11,11,君,6,漂,푼,1,푼,芬棻㯣雰氛棼紛帉鳻鶡翂衯幩
3,11,11,攟,6,漂,푼,2,푼〯,忿魵
3,11,11,攈,6,漂,푼,3,푼〮,湓㖹
3,11,11,屈,6,漂,푸ᇙ,4,푸ᇙ〮,拂刜髴彿佛艴佛弗
3,12,11,君,7,步,뿐,1,뿐,汾枌妢頒朌蚠弅棼焚燓炃燌賁濆墳隫幩羵豶獖蕡黂鼖䩿歕
3,12,11,攟,7,步,뿐,2,뿐〯,憤賁馮濆墳羵坋坌扮弅忿鼢蚡
3,12,11,攈,7,步,뿐,3,뿐〮,分憤蕡
3,12,11,屈,7,步,뿌ᇙ,4,뿌ᇙ〮,佛咈拂怫弗茀坲費岪
3,14,11,君,8,彌,문,1,문,文紋雯聞闅蟁蚊蚉䘇
3,14,11,攟,8,彌,문,2,문〯,吻肳㗃呅腃刎歾脗抆捪
3,14,11,攈,8,彌,문,3,문〮,問聞汶紊抆絻㡈免娩璺
3,14,11,屈,8,彌,무ᇙ,4,무ᇙ〮,勿物岉沕昒芴
3,14,11,君,9,挹,ᅙᅮᆫ,1,ᅙᅮᆫ,熅昷馧轀縕蘊氳
3,14,11,攟,9,挹,ᅙᅮᆫ,2,ᅙᅮᆫ〯,惲蘊菀苑宛怨蘊韞縕慍醖薀䡝轀
3,14,11,攈,9,挹,ᅙᅮᆫ,3,ᅙᅮᆫ〮,醖溫慍縕熅蘊薀
3,14,11,屈,9,挹,ᅙᅮᇙ,4,ᅙᅮᇙ〮,鬱鬱鬱䖇苑熨罻蔚貍慍苑惌宛
3,16,11,君,10,虗,훈,1,훈,熏薫曛醺纁䌲䙧䵫臐獯揮勳葷焄
3,16,11,攈,10,虗,훈,3,훈〮,訓馴
3,16,11,屈,10,虗,후ᇙ,4,후ᇙ〮,䬍欻
3,16,11,君,11,君,균,1,균,鈞銞均旬勻袀㽦畇麇麏龜頵
3,16,11,屈,11,君,규ᇙ,4,규ᇙ〮,橘茁
3,17,11,君,12,快,큔,1,큔,囷箘䇹箟蜠輑
3,17,11,攟,12,快,큔,2,큔〯,稛麕
3,17,11,攟,13,虯,뀬,2,뀬〯,窘僒囷菌蔨箘䇹蜠
3,17,11,屈,13,虯,뀨ᇙ,4,뀨ᇙ〮,獝
3,17,11,君,14,業,ᅌᅲᆫ,1,ᅌᅲᆫ,筠荺縜尹奫
3,17,11,攟,14,業,ᅌᅲᆫ,2,ᅌᅲᆫ〯,隕磒抎溳殞愪縜霣
3,17,11,屈,14,業,ᅌᅲᇙ,4,ᅌᅲᇙ〮,䫻䬑汨淢
3,18,11,君,15,斗,듄,1,듄,屯迍窀
3,18,11,屈,15,斗,듏,4,듏〮,祋㤕窋
3,18,11,君,16,呑,튠,1,튠,杶橁櫄輴輇楯鶞椿
3,18,11,屈,16,呑,튜ᇙ,4,튜ᇙ〮,黜詘出怵覃
3,18,11,屈,16,呑,뜌ᇙ,4,뜌ᇙ〮,朮
3,18,11,君,17,即,쥰,1,쥰,遵僎鷷蹲跧諄啍忳純惇淳肫
3,18,11,攟,17,即,쥰,2,쥰〯,準准淳敦綧埻純
3,18,11,攈,17,即,쥰,3,쥰〮,俊峻儁雋畯駿餕晙㕙稕埻諄啍純訰
3,18,11,屈,17,即,쥬ᇙ,4,쥬ᇙ〮,卒啐
3,20,11,君,18,侵,츈,1,츈,逡遁竣悛捘䞭踆㕙皴蹲春旾
3,20,11,攟,18,侵,츈,2,츈〯,蠢春惷䮞踳僢蝽
3,20,11,屈,18,侵,츄ᇙ,4,츄ᇙ〮,焌出絀
3,21,11,屈,19,慈,쮸ᇙ,4,쮸ᇙ〮,崒崪卒誶踤
3,21,11,君,20,戌,슌,1,슌,荀詢咰恂悛峋洵珣郇
3,21,11,攟,20,戌,슌,2,슌〯,筍箰笋簨栒隼鶽
3,21,11,攈,20,戌,슌,3,슌〮,峻埈浚鵔駿逡葰濬濬恂迿筍舜蕣橓瞬眴昳瞤鬊
3,21,11,屈,20,戌,슈ᇙ,4,슈ᇙ〮,恤䘏戌珬㺷訹怵
3,22,11,君,21,邪,쓘,1,쓘,旬徇侚伨循馴紃巡循脣䐇脤漘浱純莼淳醇䣩錞惇敦焞鶉蓴
3,22,11,攟,21,邪,쓘,2,쓘〯,盾楯揗
3,22,11,攈,21,邪,쓘,3,쓘〮,殉徇侚順揗
3,22,11,屈,21,邪,쓔ᇙ,4,쓔ᇙ〮,術述秫朮沭潏
3,23,11,君,22,挹,ᅙᅲᆫ,1,ᅙᅲᆫ,贇
3,23,11,屈,23,虗,휴ᇙ,4,휴ᇙ〮,獝矞䎉瞲㤜
3,23,11,君,24,欲,윤,1,윤,勻畇
3,23,11,攟,24,欲,윤,2,윤〯,尹允狁鈗蜳
3,23,11,屈,24,欲,유ᇙ,4,유ᇙ〮,聿矞霱遹繘潏驈䮇鷸鴪鴥
3,24,11,君,25,閭,륜,1,륜,倫淪輪綸蜦蜧掄論
3,24,11,屈,25,閭,류ᇙ,4,류ᇙ〮,律嵂繂率膟㠥壘
3,24,11,君,26,穰,ᅀᅲᆫ,1,ᅀᅲᆫ,犉瞤
3,24,11,攟,26,穰,ᅀᅲᆫ,2,ᅀᅲᆫ〯,蝡蠕
3,24,11,攈,26,穰,ᅀᅲᆫ,3,ᅀᅲᆫ〮,閏潤䏰
3,25,12,鞬,1,君,건,1,건,鞬犍㹇䭈䊕飦甄
3,25,12,寋,1,君,건,2,건〯,寋蹇謇建㨴楗搴攓
3,25,12,建,1,君,건,3,건〮,建
3,25,12,訐,1,君,거ᇙ,4,거ᇙ〮,訐羯揭孑釨偈桀
3,26,12,鞬,2,快,컨,1,컨,㩮揭蹇揵愆諐㥶騫褰䙭搴攐掔
3,26,12,建,2,快,컨,3,컨〮,譴繾遣
3,26,12,訐,2,快,커ᇙ,4,커ᇙ〮,朅偈藒揭愒憇
3,27,12,鞬,3,虯,껀,1,껀,乾虔犍騝揵鍵腱鰬
3,27,12,寋,3,虯,껀,2,껀〯,楗鍵揵鞬建腱件
3,27,12,建,3,虯,껀,3,껀〮,健楗腱
3,27,12,訐,3,虯,꺼ᇙ,4,꺼ᇙ〮,竭楬碣嵑揭搩堨傑榤桀渴
3,27,12,鞬,4,業,ᅌᅥᆫ,1,ᅌᅥᆫ,言䇾甗
3,27,12,寋,4,業,언,2,언〯,巘巚甗
3,27,12,建,4,業,ᅌᅥᆫ,3,ᅌᅥᆫ〮,彦彦諺唁喭甗讞
3,27,12,訐,4,業,ᅌᅥᇙ,4,ᅌᅥᇙ〮,钀揭齾孽㜸蘗櫱枿不糵䡾讞囐闑
3,28,12,鞬,5,彆,번,1,번,藩樊
3,28,12,寋,5,彆,번,2,번〯,反返阪岅坂䡊
3,28,12,建,5,彆,번,3,번〮,販畈汳
3,28,12,訐,5,彆,버ᇙ,4,버ᇙ〮,髮發廢
3,29,12,鞬,6,漂,펀,1,펀,翻飜拚翻幡轓璠繙潘拚旛番反犿
3,29,12,建,6,漂,펀,3,펀〮,嬎
3,29,12,鞬,7,步,뻔,1,뻔,煩薠繁蘩蕃膰燔墦蹯樊礬蠜棥笲袢
3,29,12,寋,7,步,뻔,2,뻔〯,輽飯笲
3,29,12,建,7,步,뻔,3,뻔〮,飯
3,29,12,訐,7,步,뻐ᇙ,4,뻐ᇙ〮,伐傠垡撥㘺閥筏栰瞂㕹罰罸䑔
3,30,12,寋,8,彌,먼,2,먼〯,晩輓挽娩
3,30,12,建,8,彌,먼,3,먼〮,萬万曼蔓輓挽
3,30,12,訐,8,彌,머ᇙ,4,머ᇙ〮,韈襪韎
3,31,12,寋,9,挹,ᅙᅥᆫ,2,ᅙᅥᆫ〯,偃堰蝘鼴鰋鶠匽鄢傿
3,31,12,建,9,挹,ᅙᅥᆫ,3,ᅙᅥᆫ〮,堰隁偃郾鄢匽鼴
3,31,12,訐,9,挹,ᅙᅥᇙ,4,ᅙᅥᇙ〮,謁暍㷎閼
3,32,12,鞬,10,虗,헌,1,헌,軒䡣掀鶱
3,32,12,寋,10,虗,헌,2,헌〯,幰憲
3,32,12,建,10,虗,헌,3,헌〮,獻鮮憲軒
3,32,12,訐,10,虗,허ᇙ,4,허ᇙ〮,歇蠍蝎
3,32,12,鞬,11,欲,언,1,언,焉
3,32,12,鞬,12,君,견,1,견,堅枅銒豣猏麉肩鵳
3,32,12,寋,12,君,견,2,견〯,繭蠒襺趼豜
3,32,12,建,12,君,견,3,견〮,見
3,32,12,訐,12,君,겨ᇙ,4,겨ᇙ〮,結紒拮袺髻絜潔洯鍥䥛䤿鐑
3,33,12,鞬,13,快,켠,1,켠,牽摼掔幵岍開汧雃鳽
3,33,12,寋,13,快,켠,2,켠〯,遣
3,33,12,建,13,快,켠,3,켠〮,俔悓涀牽掔菣
3,33,12,訐,13,快,켜ᇙ,4,켜ᇙ〮,挈契栔㓶蛣鮚
3,34,12,鞬,14,業,ᅌᅧᆫ,1,ᅌᅧᆫ,姸硏
3,34,12,寋,14,業,ᅌᅧᆫ,2,ᅌᅧᆫ〯,巘讞瓛甗鞬建齞
3,34,12,鞬,15,斗,뎐,1,뎐,顚㒹巓癲傎槇蹎滇邅亶㣶鱣驙
3,34,12,寋,15,斗,뎐,2,뎐〯,展輾蹍襢典
3,34,12,建,15,斗,뎐,3,뎐〮,殿襢展
3,34,12,訐,15,斗,뎌ᇙ,4,뎌ᇙ〮,窒哲悊蜇制罽
3,35,12,鞬,16,呑,텬,1,텬,天梴
3,35,12,寋,16,呑,텬,2,텬〯,蕆腆淟㥏睓琠瑱靦
3,35,12,建,16,呑,텬,3,텬〮,瑱顚琠
3,35,12,訐,16,呑,텨ᇙ,4,텨ᇙ〮,鐵驖餮替徹撤硩䚢聅
3,36,12,鞬,17,覃,뗜,1,뗜,田佃鈿畋甸窴塡鎭嵮闐磌嗔滇搷顚纏繵瀍躔蹍廛㙻厘鄽
3,36,12,寋,17,覃,뗜,2,뗜〯,殄塡紾沴典娫蜒瘨塡艮
3,36,12,建,17,覃,뗜,3,뗜〮,電甸佃田畋鈿䥖殿澱靛奠塡闐窴淀涎纏邅
3,36,12,訐,17,覃,뗘ᇙ,4,뗘ᇙ〮,姪妷絰咥垤凸耊耋臷荎迭踢佚跌蹛柣軼眣眰昳瓞佚佚詄苵摕轍軼徹澈撤
3,39,12,鞬,18,那,년,1,년,年幵
3,39,12,寋,18,那,년,2,년〯,涊撚捵趁蹍
3,39,12,建,18,那,년,3,년〮,晛㬗輾碾榐
3,39,12,訐,18,那,녀ᇙ,4,녀ᇙ〮,涅篞捏苶苶哪
3,39,12,鞬,19,彆,변,1,변,邊籩編蝙鞭箯鯿
3,39,12,寋,19,彆,변,2,변〯,扁匾編褊惼諞辯
3,39,12,建,19,彆,변,3,변〮,徧遍辯變
3,39,12,訐,19,彆,벼ᇙ,4,벼ᇙ〮,彆閉鼈鱉蟞鷩襒別辯
3,40,12,鞬,20,漂,편,1,편,篇偏猵艑翩扁
3,40,12,寋,20,漂,편,2,편〯,鴘
3,40,12,建,20,漂,편,3,편〮,片㸤騗
3,40,12,訐,20,漂,펴ᇙ,4,펴ᇙ〮,撆蔽撇瞥覕嫳憋潎
3,40,12,鞬,21,步,뼌,1,뼌,緶編胼跰骿騈輧蠙琕蹁諞便楩梗平
3,40,12,寋,21,步,뼌,2,뼌〯,辨扁辯變辮扁艑
3,40,12,建,21,步,뼌,3,뼌〮,便卞汴抃弁昪忭閞㭓匥笲
3,40,12,訐,21,步,뼈ᇙ,4,뼈ᇙ〮,蹩弊苾馝秘䭱飶㧙批別
3,42,12,鞬,22,彌,면,1,면,眠櫋矈緜綿謾䛲
3,42,12,寋,22,彌,면,2,면〯,湎䤄勔僶沔澠黽免冕絻㡈勉娩俛㝃丏眄
3,42,12,建,22,彌,면,3,면〮,面偭麵麵眄䀎㴐瞑泯
3,42,12,訐,22,彌,며ᇙ,4,며ᇙ〮,蔑眜衊蠛薎䁾粖篾蔤滅搣
3,43,12,鞬,23,即,젼,1,젼,箋牋糋㮍馢籛諓濺淺㰄戔韀煎湔鬋饘䭈餰飦䬤鸇氈旃氊旃旜襢跧
3,43,12,寋,23,即,젼,2,젼〯,翦剪譾俴揃煎前錢帴戩樿皽
3,43,12,建,23,即,젼,3,젼〮,薦箭翦煎濺淺戩搢縉薦戰單顫
3,43,12,訐,23,即,져ᇙ,4,져ᇙ〮,節卪岊楶浙淛制晣㫼折
3,45,12,鞬,24,侵,쳔,1,쳔,千仟阡芊谸遷韆燀
3,45,12,寋,24,侵,쳔,2,쳔〯,淺闡幝繟嘽燀
3,45,12,建,24,侵,쳔,3,쳔〮,蒨芊倩綪輤茜縓繟硟
3,45,12,訐,24,侵,쳐ᇙ,4,쳐ᇙ〮,切竊漆掣
3,46,12,鞬,25,慈,쪈,1,쪈,前媊錢潺孱
3,46,12,寋,25,慈,쪈,2,쪈〯,踐跈俴餞諓
3,46,12,建,25,慈,쪈,3,쪈〮,荐薦臶栫袸賤餞諓
3,46,12,訐,25,慈,쪄ᇙ,4,쪄ᇙ〮,截嶻岊
3,47,12,鞬,26,戌,션,1,션,先珗蹮躚遷姍姺褼西僊仙鮮鱻䉳廯羶膻挻埏煽扇顫
3,47,12,寋,26,戌,션,2,션〯,銑跣踐洗毨先洗洒獮襧鮮鱻赻尠蘚䉳癬㿅廯燹
3,47,12,建,26,戌,션,3,션〮,霰䨘先線綖絤扇煽
3,47,12,訐,26,戌,셔ᇙ,4,셔ᇙ〮,屑僁薛殺蹩躠紲絏緤枻齛齥媟暬渫泄洩㳿契楔揳䙝設蔎鎩
3,49,12,鞬,27,邪,쎤,1,쎤,鋋埏單嬋蟬蟺禪嬗澶儃僤
3,49,12,寋,27,邪,쎤,2,쎤〯,善嬗善善膳饍鄯單僤墠鱓鱣䱇鱔蟺熯
3,49,12,建,27,邪,쎤,3,쎤〮,羨繕㪨膳饍善鄯禪䄠儃嬗墠樿單擅
3,49,12,訐,27,邪,쎠ᇙ,4,쎠ᇙ〮,舌折揲抴
3,51,12,鞬,28,挹,ᅙᅧᆫ,1,ᅙᅧᆫ,焉蔫嫣鄢煙烟歅燕咽建訐胭㖶殷
3,51,12,建,28,挹,ᅙᅧᆫ,3,ᅙᅧᆫ〮,宴燕鷰䴏醼嚥咽曣晏嬿
3,51,12,訐,28,挹,ᅙᅧᇙ,4,ᅙᅧᇙ〮,噎饐䭇咽翳蠮
3,51,12,鞬,29,虗,현,1,현,嘕㗔仚
3,51,12,寋,29,虗,현,2,현〯,顯韅蠉鞬
3,52,12,鞬,30,洪,ᅘᅧᆫ,1,ᅘᅧᆫ,賢礥弦誸絃舷蚿胘
3,52,12,寋,30,洪,ᅘᅧᆫ,2,ᅘᅧᆫ〯,峴晛睍俔
3,52,12,建,30,洪,ᅘᅧᆫ,3,ᅘᅧᆫ〮,見莧
3,52,12,訐,30,洪,ᅘᅧᇙ,4,ᅘᅧᇙ〮,纈襭擷頡翓緳絜揳奊
3,52,12,鞬,31,欲,연,1,연,延筵䀽莚埏羨綖蜒郔
3,52,12,寋,31,欲,연,2,연〯,演縯戭衍綖延蜒羨
3,52,12,建,31,欲,연,3,연〮,衍羨埏綖㹶蜒莚葕延硯䂩硏豜
3,52,12,訐,31,欲,여ᇙ,4,여ᇙ〮,齧隉臲摰棿倪蜺霓蛪䘽嵲嶭嵲臬槷槸闑抴拽曳
3,54,12,鞬,32,閭,련,1,련,蓮憐怜零連漣聮
3,54,12,寋,32,閭,련,2,련〯,輦連璉摙
3,54,12,建,32,閭,련,3,련〮,練湅鍊煉楝欄揀
3,54,12,訐,32,閭,려ᇙ,4,려ᇙ〮,列烈裂茢洌冽栵蛚颲迾迣厲戾盭捩挒攦栗
3,55,12,鞬,33,穰,ᅀᅧᆫ,1,ᅀᅧᆫ,然
3,55,12,寋,33,穰,ᅀᅧᆫ,2,ᅀᅧᆫ〯,熯
3,55,12,訐,33,穰,ᅀᅧᇙ,4,ᅀᅧᇙ〮,熱
3,55,12,寋,34,君,권,2,권〯,卷捲菤韏
3,55,12,建,34,君,권,3,권〮,卛眷睠婘卷絭
3,55,12,訐,34,君,궈ᇙ,4,궈ᇙ〮,厥蕨蹶蹷劂蟨鷢瘚欮
3,55,12,鞬,35,快,퀀,1,퀀,卷棬圈桊弮
3,55,12,寋,35,快,퀀,2,퀀〯,綣虇
3,55,12,建,35,快,퀀,3,퀀〮,券絭綣勸勌
3,55,12,訐,35,快,쿼ᇙ,4,쿼ᇙ〮,闕屈
3,56,12,鞬,36,虯,꿘,1,꿘,權顴拳卷惓婘孉捲鬈
3,56,12,寋,36,虯,꿘,2,꿘〯,圈菌
3,56,12,建,36,虯,꿘,3,꿘〮,圈倦惓劵韏
3,56,12,訐,36,虯,꿔ᇙ,4,꿔ᇙ〮,橜橛蹶掘闕撅鈯拙抇
3,57,12,鞬,37,業,ᅌᅯᆫ,1,ᅌᅯᆫ,元黿魭蚖螈沅阮邧原源嫄謜騵袁轅猿猨榬園垣洹爰援媛湲員隕圓貟
3,57,12,寋,37,業,ᅌᅯᆫ,2,ᅌᅯᆫ〯,阮沅遠
3,57,12,建,37,業,ᅌᅯᆫ,3,ᅌᅯᆫ〮,願愿原謜遠瑗轅媛援院
3,57,12,訐,37,業,ᅌᅯᇙ,4,ᅌᅯᇙ〮,月刖軏越樾蚏螖鉞䋐曰粤熭
3,59,12,鞬,38,挹,ᅙᅯᆫ,1,ᅙᅯᆫ,鴛怨㠾眢宛鵷蜿䖤䡝寃
3,59,12,寋,38,挹,ᅙᅯᆫ,2,ᅙᅯᆫ〯,宛苑琬畹㽜婉涴蜿䖤踠苑
3,59,12,建,38,挹,ᅙᅯᆫ,3,ᅙᅯᆫ〮,怨畹婉
3,59,12,訐,38,挹,ᅙᅯᇙ,4,ᅙᅯᇙ〮,噦
3,59,12,鞬,39,虗,훤,1,훤,暄烜喧讙嚾睻䁔萱蕿萲晅暅咺狟暖諼諠壦坃
3,59,12,寋,39,虗,훤,2,훤〯,咺喛喧烜諼萲䁔煖
3,59,12,建,39,虗,훤,3,훤〮,楦
3,59,12,訐,39,虗,훠ᇙ,4,훠ᇙ〮,䬂狘
3,60,12,鞬,40,閭,뤈,1,뤈,攣
3,60,12,寋,40,閭,뤈,2,뤈〯,臠脟孌
3,60,12,建,40,閭,뤈,3,뤈〮,戀孌攣臠
3,61,12,鞬,41,君,ᄀᆑᆫ,1,ᄀᆑᆫ,涓䅌蠲睊鵑蠲
3,61,12,寋,41,君,ᄀᆑᆫ,2,ᄀᆑᆫ〯,畎甽甽狷獧罥絹詃
3,61,12,建,41,君,ᄀᆑᆫ,3,ᄀᆑᆫ〮,睊罥羂絹寋絹縳狷獧悁懁鄄甄
3,61,12,訐,41,君,ᄀᆑᇙ,4,ᄀᆑᇙ〮,玦璚決訣觖抉刔趹蚗鴂夬潏泬鐍譎矞穴
3,62,12,寋,42,快,ᄏᆑᆫ,2,ᄏᆑᆫ〯,犬
3,62,12,訐,42,快,ᄏᆑᇙ,4,ᄏᆑᇙ〮,缺闋
3,62,12,寋,43,虯,ᄁᆑᆫ,2,ᄁᆑᆫ〯,蜎
3,62,12,寋,44,斗,ᄃᆑᆫ,2,ᄃᆑᆫ〯,轉
3,62,12,建,44,斗,ᄃᆑᆫ,3,ᄃᆑᆫ〮,囀轉傳鞬
3,62,12,訐,44,斗,ᄃᆑᇙ,4,ᄃᆑᇙ〮,綴輟惙畷啜醊錣剟罬
3,63,12,鞬,45,覃,ᄄᆑᆫ,1,ᄄᆑᆫ,椽傳
3,63,12,寋,45,覃,ᄄᆑᆫ,2,ᄄᆑᆫ〯,篆瑑腞縳摶
3,63,12,建,45,覃,ᄄᆑᆫ,3,ᄄᆑᆫ〮,傳摶瑑
3,63,12,鞬,46,即,ᄌᆑᆫ,1,ᄌᆑᆫ,鐫鋑朘專甎㼷塼剸鱄篿顓
3,63,12,寋,46,即,ᄌᆑᆫ,2,ᄌᆑᆫ〯,臇㷷剸剬膞鱄
3,63,12,建,46,即,ᄌᆑᆫ,3,ᄌᆑᆫ〮,剸
3,63,12,訐,46,即,ᄌᆑᇙ,4,ᄌᆑᇙ〮,蕝蕞㔃橇毳拙掘梲棳準茁
3,64,12,鞬,47,侵,ᄎᆑᆫ,1,ᄎᆑᆫ,詮銓硂輇絟拴駩佺荃筌痊悛竣㕙譔縓穿窅川
3,64,12,寋,47,侵,ᄎᆑᆫ,2,ᄎᆑᆫ〯,舛踳僢荈喘歂耑
3,64,12,建,47,侵,ᄎᆑᆫ,3,ᄎᆑᆫ〮,釧竁穿僢
3,64,12,訐,47,侵,ᄎᆑᇙ,4,ᄎᆑᇙ〮,歠吷嚽
3,65,12,鞬,48,慈,ᄍᆑᆫ,1,ᄍᆑᆫ,全純牷泉灥洤
3,65,12,寋,48,慈,ᄍᆑᆫ,2,ᄍᆑᆫ〯,雋吮
3,65,12,訐,48,慈,ᄍᆑᇙ,4,ᄍᆑᇙ〮,絶
3,65,12,鞬,49,戌,ᄉᆑᆫ,1,ᄉᆑᆫ,宣瑄亘朘
3,65,12,寋,49,戌,ᄉᆑᆫ,2,ᄉᆑᆫ〯,選撰饌䠣
3,65,12,建,49,戌,ᄉᆑᆫ,3,ᄉᆑᆫ〮,選撰
3,65,12,訐,49,戌,ᄉᆑᇙ,4,ᄉᆑᇙ〮,雪說刷
3,66,12,鞬,50,邪,ᄊᆑᆫ,1,ᄊᆑᆫ,旋漩璿旋璇㻽瓊還睘涎船遄篅圜膞輇輲
3,66,12,建,50,邪,ᄊᆑᆫ,3,ᄊᆑᆫ〮,旋還漩
3,67,12,鞬,51,挹,ᅙᆑᆫ,1,ᅙᆑᆫ,淵鼘鼝咽娟嬛蜎悁㾓
3,67,12,寋,51,挹,ᅙᆑᆫ,2,ᅙᆑᆫ〯,蜎
3,67,12,建,51,挹,ᅙᆑᆫ,3,ᅙᆑᆫ〮,䬼
3,67,12,訐,51,挹,ᅙᆑᇙ,4,ᅙᆑᇙ〮,抉噦
3,67,12,鞬,52,虗,ᄒᆑᆫ,1,ᄒᆑᆫ,翾䴉儇嬛懁獧蠉蜎祅鋗駽譞讂
3,67,12,寋,52,虗,ᄒᆑᆫ,2,ᄒᆑᆫ〯,蠉鞬
3,67,12,建,52,虗,ᄒᆑᆫ,3,ᄒᆑᆫ〮,絢洵眴夐韅顯駽
3,67,12,訐,52,虗,ᄒᆑᇙ,4,ᄒᆑᇙ〮,血泬烕吷決
3,68,12,鞬,53,洪,ᅘᆑᆫ,1,ᅘᆑᆫ,玄泫眩縣
3,68,12,寋,53,洪,ᅘᆑᆫ,2,ᅘᆑᆫ〯,泫鉉鞙琄繯
3,68,12,建,53,洪,ᅘᆑᆫ,3,ᅘᆑᆫ〮,縣眩玄蚿玹袨䘩䝮衒
3,68,12,訐,53,洪,ᅘᆑᇙ,4,ᅘᆑᇙ〮,穴
3,68,12,鞬,54,欲,ᄋᆑᆫ,1,ᄋᆑᆫ,沿鉛巡緣蝝捐鳶
3,68,12,寋,54,欲,ᄋᆑᆫ,2,ᄋᆑᆫ〯,沇渷兗
3,68,12,建,54,欲,ᄋᆑᆫ,3,ᄋᆑᆫ〮,掾緣
3,68,12,訐,54,欲,ᄋᆑᇙ,4,ᄋᆑᇙ〮,悅說兌閱
3,69,12,訐,55,閭,ᄅᆑᇙ,4,ᄅᆑᇙ〮,劣鋝埒
3,69,12,鞬,56,穰,ᅀᆑᆫ,1,ᅀᆑᆫ,堧壖㽭瓀瑌撋擩㨎捼蠕臑犉輲輇
3,69,12,寋,56,穰,ᅀᆑᆫ,2,ᅀᆑᆫ〯,耎蝡蠕碝礝瓀瑌愞懦㓴輭需濡臑
3,69,12,建,56,穰,ᅀᆑᆫ,3,ᅀᆑᆫ〮,堧壖愞偄懦
3,69,12,訐,56,穰,ᅀᆑᇙ,4,ᅀᆑᇙ〮,藝焫吶㕯
3,71,13,簪,1,即,ᄌᆞᆷ,1,ᄌᆞᆷ,簪蠶篸
3,71,13,譖,1,即,ᄌᆞᆷ,3,ᄌᆞᆷ〮,譖僭
3,71,13,戢,1,即,ᄌᆞᆸ,4,ᄌᆞᆸ〮,戢濈
3,71,13,簪,2,侵,ᄎᆞᆷ,1,ᄎᆞᆷ,嵾㠁參梫攙
3,71,13,簪,3,慈,ᄍᆞᆷ,1,ᄍᆞᆷ,岑涔
3,71,13,簪,4,戌,ᄉᆞᆷ,1,ᄉᆞᆷ,森罧參襂綝幓槮蔘滲葠
3,71,13,㾕,4,戌,ᄉᆞᆷ,2,ᄉᆞᆷ〯,㾕槮
3,71,13,譖,4,戌,ᄉᆞᆷ,3,ᄉᆞᆷ〮,滲罧槮
3,71,13,戢,4,戌,ᄉᆞᆸ,4,ᄉᆞᆸ〮,澀濇澁鈒
3,72,13,簪,5,君,금,1,금,金今紟禁襟衿
3,72,13,㾕,5,君,금,2,금〯,錦
3,72,13,譖,5,君,금,3,금〮,禁僸仱
3,72,13,戢,5,君,급,4,급〮,急急級汲伋給
3,72,13,簪,6,快,큼,1,큼,欽嶔䃢顉頷衾
3,72,13,戢,6,快,큽,4,큽〮,泣湆䏠湇
3,73,13,簪,7,虯,끔,1,끔,琴肣黔紟芩禽檎擒㩒扲
3,73,13,㾕,7,虯,끔,2,끔〯,噤凚唫
3,73,13,譖,7,虯,끔,3,끔〮,噤凚紟衿
3,73,13,戢,7,虯,끕,4,끕〮,及笈
3,73,13,簪,8,業,ᅌᅳᆷ,1,ᅌᅳᆷ,吟䪩訡欽崟碒㖗吟唫碞
3,73,13,㾕,8,業,ᅌᅳᆷ,2,ᅌᅳᆷ〯,吟
3,73,13,譖,8,業,ᅌᅳᆷ,3,ᅌᅳᆷ〮,吟
3,73,13,戢,8,業,ᅌᅳᆸ,4,ᅌᅳᆸ〮,岌圾
3,74,13,㾕,9,彆,븜,2,븜〯,稟
3,74,13,㾕,10,漂,픔,2,픔〯,品
3,74,13,簪,11,挹,ᅙᅳᆷ,1,ᅙᅳᆷ,音喑瘖闇隂霒愔
3,74,13,㾕,11,挹,ᅙᅳᆷ,2,ᅙᅳᆷ〯,飮
3,74,13,譖,11,挹,ᅙᅳᆷ,3,ᅙᅳᆷ〮,蔭廕隂喑窨飮
3,74,13,戢,11,挹,ᅙᅳᆸ,4,ᅙᅳᆸ〮,邑浥悒唈䭂裛揖挹
3,75,13,簪,12,虗,흠,1,흠,歆廞
3,75,13,戢,12,虗,흡,4,흡〮,吸噏扱翕潝㴔歙闟
3,75,13,簪,13,欲,첫,1,첫,淫霪湛蟫撢冘
3,75,13,戢,13,欲,읍,4,읍〮,熠翊孴煜曄曅
3,75,13,簪,14,斗,딤,1,딤,碪砧椹枮鍖
3,75,13,譖,14,斗,딤,3,딤〮,揕
3,75,13,戢,14,斗,딥,4,딥〮,縶
3,75,13,簪,15,呑,팀,1,팀,琛賝綝郴肜
3,75,13,㾕,15,呑,팀,2,팀〯,踸趻
3,75,13,譖,15,呑,팀,3,팀〮,闖
3,76,13,簪,16,覃,띰,1,띰,沈湛沈霃
3,76,13,㾕,16,覃,띰,2,띰〯,朕螣
3,76,13,譖,16,覃,띰,3,띰〮,鴆䧵酖沈沈湛
3,76,13,戢,16,覃,띱,4,띱〮,蟄俋
3,76,13,簪,17,那,님,1,님,南
3,76,13,譖,17,那,님,3,님〮,賃任
3,76,13,簪,18,即,짐,1,짐,祲斟鍼針箴葴
3,76,13,㾕,18,即,짐,2,짐〯,䆮枕
3,76,13,譖,18,即,짐,3,짐〮,浸湛寖浸寑濅祲鋟枕針
3,76,13,戢,18,即,집,4,집〮,潗淁湒揖孴執汁
3,77,13,簪,19,侵,침,1,침,侵駸鋟綅梫寑寢僣
3,77,13,㾕,19,侵,침,2,침〯,寢㾛侵鋟瀋沈墋堪
3,77,13,譖,19,侵,침,3,침〮,沁伈䜟
3,77,13,戢,19,侵,칩,4,칩〮,緝咠葺蟄
3,78,13,戢,20,慈,찝,4,찝〮,集輯檝楫
3,78,13,簪,21,戌,심,1,심,心深
3,78,13,㾕,21,戌,심,2,심〯,伈審嬸諗淰瞫䚓沈邥
3,78,13,譖,21,戌,심,3,심〮,深諗
3,78,13,戢,21,戌,십,4,십〮,濕
3,79,13,簪,22,邪,씸,1,씸,尋潯潭襑鄩鬵灊鐔鱏蟫燖燂燅諶煁忱愖
3,79,13,㾕,22,邪,씸,2,씸〯,甚葚黮
3,79,13,譖,22,邪,씸,3,씸〮,甚
3,79,13,戢,22,邪,씹,4,씹〮,習習褶槢襲隰十什拾
3,80,13,簪,23,閭,림,1,림,林琳淋霖臨
3,80,13,㾕,23,閭,림,2,림〯,廩廩懍伈凜
3,80,13,譖,23,閭,림,3,림〮,臨
3,80,13,戢,23,閭,립,4,립〮,立粒笠苙
3,80,13,簪,24,穰,ᅀᅵᆷ,1,ᅀᅵᆷ,壬任紝䋕絍妊姙鵀
3,80,13,㾕,24,穰,ᅀᅵᆷ,2,ᅀᅵᆷ〯,餁䏕衽荏恁稔腍
3,80,13,譖,24,穰,ᅀᅵᆷ,3,ᅀᅵᆷ〮,妊紝絍䋕袵衽任鵀
3,80,13,戢,24,穰,ᅀᅵᆸ,4,ᅀᅵᆸ〮,入廿
3,81,14,甘,1,君,감,1,감,甘柑泔粓苷弇淦汵浛緘咸椷瑊監鑑鑒
3,81,14,感,1,君,감,2,감〯,感䃭㔶灨贑贛敢澉減鹻䶟
3,81,14,紺,1,君,감,3,감〮,紺灨贛贑淦汵鑑鑒監
3,81,14,閤,1,君,갑,4,갑〮,閤合韐帢蛤頜鴿䧻㪉夾俠郟鵊筴梜袷裌鞈跲甲鉀押胛
3,83,14,甘,2,快,캄,1,캄,龕堪嵁戡嵌嵰嶔廞
3,83,14,感,2,快,캄,2,캄〯,坎埳臽輡轗惂欿竷
3,83,14,紺,2,快,캄,3,캄〮,勘䘓䀍轗闞瞰矙歉
3,83,14,閤,2,快,캅,4,캅〮,榼醘磕礚溘恰帢㡊掐揭
3,84,14,甘,3,業,ᅌᅡᆷ,1,ᅌᅡᆷ,嵒碞麙巖嚴壧
3,84,14,感,3,業,ᅌᅡᆷ,2,ᅌᅡᆷ〯,顉頷頜
3,84,14,甘,4,斗,담,1,담,耽眈酖沈湛愖妉沈擔檐儋甔詀
3,84,14,感,4,斗,담,2,담〯,黕黕紞眈膽䃫
3,84,14,紺,4,斗,담,3,담〮,擔檐儋甔
3,84,14,閤,4,斗,답,4,답〮,答荅褡搭劄
3,85,14,甘,5,呑,탐,1,탐,貪探撢耼
3,85,14,感,5,呑,탐,2,탐〯,襑醓嗿菼緂毯㲜倓
3,85,14,紺,5,呑,탐,3,탐〮,探黮憛㤾賧倓
3,85,14,閤,5,呑,탑,4,탑〮,錔鞜䵬沓塔嗒漯嚃榻㩉塌䌈闒鞳䶀闒搭㧺搨鰈魼
3,86,14,甘,6,覃,땀,1,땀,覃潭譚鐔蟫驔醰藫曇沈談惔倓錟餤郯痰澹淡
3,86,14,感,6,覃,땀,2,땀〯,禫醰嘾黮霮䨢啿湛髧萏窞欿啖噉啗餤嚪淡賧憺澹濫湛
3,86,14,紺,6,覃,땀,3,땀〮,憺惔倓澹淡䆱霮啗嚪餤啖噉賺詀譧湛
3,86,14,閤,6,覃,땁,4,땁〮,沓誻䜚涾踏蹹遝䳴闒䈳㯓闟霅喋
3,89,14,甘,7,那,남,1,남,南諵喃男枏楠喃
3,89,14,感,7,那,남,2,남〯,湳
3,89,14,閤,7,那,납,4,납〮,納㨥抐軜衲妠笝
3,89,14,甘,8,即,잠,1,잠,簪鐕
3,89,14,感,8,即,잠,2,잠〯,寁昝斬
3,89,14,紺,8,即,잠,3,잠〮,蘸
3,89,14,閤,8,即,잡,4,잡〮,帀迊匝啑唼噈䞙噆挾啑貶䀹
3,89,14,甘,9,侵,참,1,참,參叅三傪驂參欃毚
3,89,14,感,9,侵,참,2,참〯,慘黲㦧㬱
3,89,14,紺,9,侵,참,3,참〮,參摻儳懴䜟
3,89,14,閤,9,侵,찹,4,찹〮,雜臿臿接鍤疀插捷扱笈
3,90,14,甘,10,慈,짬,1,짬,蠶撏慙慚讒儳饞瀺毚㺥蔪巉嶃嶄漸鑱䤫獑劖
3,90,14,感,10,慈,짬,2,짬〯,槧歜嶃巉
3,90,14,紺,10,慈,짬,3,짬〮,暫鏨讒鑱儳䪌
3,90,14,閤,10,慈,짭,4,짭〮,雜煠牐
3,91,14,甘,11,戌,삼,1,삼,毿鬖三參㩥摻揱纖摲衫杉煔彡釤縿幓襳襂摻纔芟蔪
3,91,14,感,11,戌,삼,2,삼〯,糝糣槮罧參摻㺑㨻摲
3,91,14,紺,11,戌,삼,3,삼〮,三釤摲㨻
3,91,14,閤,11,戌,삽,4,삽〮,趿靸鞈靸馺鈒颯霅卅卉歃喢啑唼翜翣菨䈉接歰攝霎箑萐啑唼
3,93,14,甘,12,挹,ᅙᅡᆷ,1,ᅙᅡᆷ,諳韽喑闇隂䳺鶕庵蓭菴葊痷馣䅖淹滔渰啽
3,93,14,感,12,挹,ᅙᅡᆷ,2,ᅙᅡᆷ〯,晻隌馣菴唵埯闇喑揞黭揜匼黯黬黤黶
3,93,14,紺,12,挹,ᅙᅡᆷ,3,ᅙᅡᆷ〮,暗晻闇菴韽
3,93,14,閤,12,挹,ᅙᅡᆸ,4,ᅙᅡᆸ〮,姶㷈罨唈邑匼押壓厭鴨
3,95,14,甘,13,虗,함,1,함,蚶魽蜬憨
3,95,14,感,13,虗,함,2,함〯,喊嚂闞豃嵌㯺
3,95,14,閤,13,虗,합,4,합〮,欱哈呷
3,95,14,甘,14,洪,ᅘᅡᆷ,1,ᅘᅡᆷ,含唅函椷涵汵䤴酣佄甘邯甝咸諴鹹函㮀䤴崡銜嗛咁
3,95,14,感,14,洪,ᅘᅡᆷ,2,ᅘᅡᆷ〯,頷圅顄菡憾感撼豏㺌喊檻轞艦濫
3,95,14,紺,14,洪,ᅘᅡᆷ,3,ᅘᅡᆷ〮,憾感琀含唅莟陷埳臽㽉鑑闞濫
3,95,14,閤,14,洪,ᅘᅡᆸ,4,ᅘᅡᆸ〮,合䢔郃洽盍蓋嗑䛅闔蓋洽祫陜陿峽狹硤狎押柙匣
3,97,14,甘,15,閭,람,1,람,藍籃襤繿婪惏嵐燣
3,97,14,感,15,閭,람,2,람〯,壈懍廩覽攬㩜欖
3,97,14,紺,15,閭,람,3,람〮,濫灠懢嚂纜覽
3,97,14,閤,15,閭,랍,4,랍〮,拉搚拹摺㩉臘臈鑞蠟
4,8,15,檢,1,君,검,2,검〯,檢撿瞼臉
4,8,15,劒,1,君,검,3,검〮,劍兼
4,8,15,劫,1,君,겁,4,겁〮,劫劫劫蜐袷衱
4,8,15,劒,2,快,컴,3,컴〮,欠㐸欦
4,8,15,劫,2,快,컵,4,컵〮,怯
4,8,15,箝,3,虯,껌,1,껌,箝柑鉗鉆拑黔黚鈐鍼箴
4,8,15,檢,3,虯,껌,2,껌〯,儉芡
4,8,15,劫,3,虯,껍,4,껍〮,跲劫拾
4,9,15,箝,4,業,ᅌᅥᆷ,1,ᅌᅥᆷ,嚴䉷厂巖噞
4,9,15,檢,4,業,ᅌᅥᆷ,2,ᅌᅥᆷ〯,儼嚴曮噞广隒
4,9,15,劒,4,業,ᅌᅥᆷ,3,ᅌᅥᆷ〮,釅驗噞
4,9,15,劫,4,業,ᅌᅥᆸ,4,ᅌᅥᆸ〮,業㸣鄴嶪嶫
4,9,15,劒,5,彆,범,3,범〮,泛汎氾䀀渢
4,9,15,劫,5,彆,법,4,법〮,法
4,10,15,箝,6,步,뻠,1,뻠,凡帆䑺氾䀀盕颿渢
4,10,15,檢,6,步,뻠,2,뻠〯,范笵範犯
4,10,15,劒,6,步,뻠,3,뻠〮,梵帆䑺颿
4,10,15,劫,6,步,뻡,4,뻡〮,乏泛汎疺
4,10,15,檢,7,彌,멈,2,멈〯,鋄
4,10,15,箝,8,挹,ᅙᅥᆷ,1,ᅙᅥᆷ,掩崦嶖閹奄醃
4,10,15,檢,8,挹,ᅙᅥᆷ,2,ᅙᅥᆷ〯,奄奄掩崦晻閹罨渰弇埯䣍
4,10,15,劒,8,挹,ᅙᅥᆷ,3,ᅙᅥᆷ〮,奄淹閹弇俺裺
4,10,15,劫,8,挹,ᅙᅥᆸ,4,ᅙᅥᆸ〮,浥腌
4,11,15,箝,9,虗,험,1,험,杴㸝忺蘝
4,11,15,檢,9,虗,험,2,험〯,險險儉譣憸玁獫
4,11,15,劫,9,虗,헙,4,헙〮,脅胠脅愶嗋燲拹㢵
4,12,15,箝,10,君,겸,1,겸,兼縑鰜鶼蒹
4,12,15,劫,10,君,겹,4,겹〮,頰鋏唊䛟莢筴梜夾
4,12,15,箝,11,快,켬,1,켬,謙嗛
4,12,15,檢,11,快,켬,2,켬〯,歉䭑嗛慊
4,12,15,劒,11,快,켬,3,켬〮,歉傔䈴
4,12,15,劫,11,快,켭,4,켭〮,篋愜悏慊
4,13,15,劫,12,虯,꼅,4,꼅〮,笈
4,13,15,箝,13,業,ᅌᅧᆷ,1,ᅌᅧᆷ,炎
4,13,15,劫,13,業,ᅌᅧᆸ,4,ᅌᅧᆸ〮,曄畢爗燁㒯饁
4,13,15,箝,14,斗,뎜,1,뎜,霑
4,13,15,檢,14,斗,뎜,2,뎜〯,點玷蒧
4,13,15,劒,14,斗,뎜,3,뎜〮,坫玷店墊阽
4,13,15,劫,14,斗,뎝,4,뎝〮,喋涉跕沾輒㡇襵鮿
4,13,15,箝,15,呑,텸,1,텸,沾添酟添覘佔沾䀡
4,13,15,檢,15,呑,텸,2,텸〯,忝餂諂
4,13,15,劒,15,呑,텸,3,텸〮,㮇柄忝餂覘沾
4,13,15,劫,15,呑,텹,4,텹〮,帖䩞怗惵貼鉆呫
4,14,15,箝,16,覃,뗨,1,뗨,甛餂恬
4,14,15,檢,16,覃,뗨,2,뗨〯,簟驔橝扂
4,14,15,劫,16,覃,뗩,4,뗩〮,牒諜蝶鰈鰨喋堞蹀渫艓揲褋疊㲲褺褶慴惵䐑聶䐲
4,15,15,箝,17,那,념,1,념,鮎拈餂粘濂
4,15,15,檢,17,那,념,2,념〯,淰㚩
4,15,15,劒,17,那,념,3,념〮,念
4,15,15,劫,17,那,녑,4,녑〮,聶躡鑷筆鑈銸䯀踂慹捻攝
4,16,15,箝,18,彆,볌,1,볌,砭
4,16,15,檢,18,彆,볌,2,볌〯,貶辨
4,16,15,劒,18,彆,볌,3,볌〮,窆封砭夗
4,16,15,箝,19,即,졈,1,졈,殲瀸纖漸蔪湛穳尖詹曕譫噡占沾
4,16,15,檢,19,即,졈,2,졈〯,颭
4,16,15,劒,19,即,졈,3,졈〮,僭譖占
4,16,15,劫,19,即,졉,4,졉〮,接椄菨楫檝輯艥睫睫椄婕浹挾讋懾慴霅慹摺
4,17,15,箝,20,侵,쳠,1,쳠,籤揃僉槧襜䪜衻襝幨裧袩佔惉怗苫㤐
4,17,15,劒,20,侵,쳠,3,쳠〮,塹塹塹槧襜幨裧䪜䠨韂
4,17,15,劫,20,侵,쳡,4,쳡〮,妾䌌捷倢唼
4,18,15,箝,21,慈,쪔,1,쪔,潛䁮涔灊鬵慈
4,18,15,檢,21,慈,쪔,2,쪔〯,漸蔪塹
4,18,15,劫,21,慈,쪕,4,쪕〮,捷誱倢崨㠎寁接
4,19,15,箝,22,戌,셤,1,셤,銛錟韱纖襳孅綅摻㩥譣憸暹苫痁
4,19,15,檢,22,戌,셤,2,셤〯,閃㴸陜覢棪淰
4,19,15,劒,22,戌,셤,3,셤〮,閃掞㨛苫痁
4,19,15,劫,22,戌,셥,4,셥〮,燮躞屧攝韘弽葉歙萐箑歃翣
4,19,15,箝,23,邪,쎰,1,쎰,爓燂燖煔撏探蟾
4,19,15,檢,23,邪,쎰,2,쎰〯,剡
4,19,15,劒,23,邪,쎰,3,쎰〮,贍儋澹
4,19,15,劫,23,邪,쎰,4,쎰〮,涉拾欇聶
4,21,15,箝,24,挹,ᅙᅧᆷ,1,ᅙᅧᆷ,懕厭㦔厭饜
4,21,15,檢,24,挹,ᅙᅧᆷ,2,ᅙᅧᆷ〯,黶黬魘檿
4,21,15,劒,24,挹,ᅙᅧᆷ,3,ᅙᅧᆷ〮,厭饜厭懕
4,21,15,劫,24,挹,ᅙᅧᆸ,4,ᅙᅧᆸ〮,厭厭壓擪擫靥靥
4,21,15,劫,25,虗,협,4,협〮,偞
4,21,15,箝,26,洪,ᅘᅧᆷ,1,ᅘᅧᆷ,嫌慊謙
4,21,15,檢,26,洪,ᅘᅧᆷ,2,ᅘᅧᆷ〯,鼸
4,21,15,劫,26,洪,ᅘᅧᆸ,4,ᅘᅧᆸ,協汁挾俠夾綊
4,22,15,箝,27,欲,염,1,염,鹽鹽檐櫩厃簷閻壛阽餤惔
4,22,15,檢,27,欲,염,2,염〯,琰䎦覃錟焰剡掞灎灎滔淡
4,22,15,劒,27,欲,염,3,염〮,豔閻灎灎焰爓焰炎
4,22,15,劫,27,欲,엽,4,엽〮,葉楪揲擖
4,23,15,箝,28,閭,렴,1,렴,廉簾㡘濂濂熑燫鎌鐮磏匳匳奩斂獫蘞窓
4,23,15,檢,28,閭,렴,2,렴〯,斂瀲澰羷濂
4,23,15,劒,28,閭,렴,3,렴〮,斂瀲蘞殮獫
4,23,15,劫,28,閭,렵,4,렵〮,獵躐儠擸鬣鬣巤
4,24,15,箝,29,穰,ᅀᅧᆷ,1,ᅀᅧᆷ,䫇衻蚺
4,24,15,檢,29,穰,ᅀᅧᆷ,2,ᅀᅧᆷ〯,冄冉染
4,24,15,劒,29,穰,ᅀᅧᆷ,3,ᅀᅧᆷ〮,染
4,24,15,劫,29,穰,ᅀᅧᆸ,4,ᅀᅧᆸ〮,讘囁
4,25,16,高,1,君,고ᇢ,1,고ᇢ,高高膏篙皐睾槹羔餻糕咎鼛韟
4,25,16,杲,1,君,고ᇢ,2,고ᇢ〯,杲皓稿菒藁暠皓皜縞笴槁
4,25,16,誥,1,君,고ᇢ,3,고ᇢ〮,誥浩郜告高膏縞
4,25,16,高,2,快,코ᇢ,1,코ᇢ,尻
4,25,16,杲,2,快,코ᇢ,2,코ᇢ〯,考栲槀槁攷
4,25,16,誥,2,快,코ᇢ,3,코ᇢ〮,犒膏槁槁
4,26,16,高,3,業,ᅌᅩᇢ,1,ᅌᅩᇢ,敖邀傲熬熬鰲驁獒螯謷嗷嗸敖熬璈翺囂嚻
4,26,16,誥,3,業,ᅌᅩᇢ,3,ᅌᅩᇢ〮,傲慠敖㥿驁謷鏊㟼
4,27,16,高,4,斗,도ᇢ,1,도ᇢ,刀舠忉魛裯
4,27,16,杲,4,斗,도ᇢ,2,도ᇢ〯,倒禱擣搗搗搗禂䮻島隝島嶹島
4,27,16,誥,4,斗,도ᇢ,3,도ᇢ〮,到倒禱
4,27,16,高,5,呑,토ᇢ,1,토ᇢ,饕饀䬢滔槄幍韜韜慆諂慆絛縚叨弢綢洮䑬挑佻本
4,27,16,杲,5,呑,토ᇢ,2,토ᇢ〯,討
4,28,16,高,6,覃,또ᇢ,1,또ᇢ,陶淘兆醄綯蜪騊啕掏裪萄桃洮咷駣逃跳濤檮䬞幬翿纛翢鞀鞉鼗
4,28,16,杲,6,覃,또ᇢ,2,또ᇢ〯,道導稻纛翿駣
4,28,16,誥,6,覃,또ᇢ,3,또ᇢ〮,導導道燾敦濤幬翿纛翢蹈悼盜搵陶
4,29,16,高,7,那,노ᇢ,1,노ᇢ,猱獿獶蝚峱臑
4,29,16,杲,7,那,노ᇢ,2,노ᇢ〯,腦瑙惱憹
4,29,16,誥,7,那,노ᇢ,3,노ᇢ〮,臑
4,30,16,高,8,彆,보ᇢ,1,보ᇢ,包胞枹苞褒褒褒裒
4,30,16,杲,8,彆,보ᇢ,2,보ᇢ〯,飽寶寶保葆堢堡緥䎂䳰䳈
4,30,16,誥,8,彆,보ᇢ,3,보ᇢ〮,豹爆二犦報
4,31,16,高,9,漂,포ᇢ,1,포ᇢ,胞泡脬抛摽抱
4,31,16,誥,9,漂,포ᇢ,3,포ᇢ〮,砲抛窌
4,31,16,高,10,步,뽀ᇢ,1,뽀ᇢ,庖炮炰咆瓟包苞鞄胞跑麃麅袍袌謈
4,31,16,杲,10,步,뽀ᇢ,2,뽀ᇢ〯,鮑鞄抱
4,31,16,誥,10,步,뽀ᇢ,3,뽀ᇢ〮,皰胞靤䶌庖鉋暴瀑䤖袍袌菢勽抱虣
4,32,16,高,11,彌,모ᇢ,1,모ᇢ,茅罞蝥猫猫媌犛毛㲝旄耄芼髦軞䭷耗枆楙旄氂
4,32,16,杲,11,彌,모ᇢ,2,모ᇢ〯,卯昴茆
4,32,16,誥,11,彌,모ᇢ,3,모ᇢ〮,貌貌帽瑁媢冒耄芼眊毣耗秏
4,33,16,高,12,即,조ᇢ,1,조ᇢ,糟醩遭
4,33,16,杲,12,即,조ᇢ,2,조ᇢ〯,早藻澡璪繰繅璅棗䖣䗢
4,33,16,誥,12,即,조ᇢ,3,조ᇢ〮,竈竈窖躁趮
4,34,16,高,13,侵,초ᇢ,1,초ᇢ,操
4,34,16,杲,13,侵,초ᇢ,2,초ᇢ〯,草屮懆
4,34,16,誥,13,侵,초ᇢ,3,초ᇢ〮,操鄵造艁糙糙
4,34,16,高,14,慈,쪼ᇢ,1,쪼ᇢ,曺漕嶆艚螬蝤槽嘈
4,34,16,杲,14,慈,쪼ᇢ,2,쪼ᇢ〯,皁造艁
4,34,16,誥,14,慈,쪼ᇢ,3,쪼ᇢ〮,漕
4,34,16,高,15,戌,소ᇢ,1,소ᇢ,騷懆臊鱢繅縿繰艘㮴䑹槮橾
4,34,16,杲,15,戌,소ᇢ,2,소ᇢ〯,掃騷嫂燥
4,34,16,誥,15,戌,소ᇢ,3,소ᇢ〮,噪譟燥掃瘙
4,35,16,高,16,邪,쏘ᇢ,1,쏘ᇢ,巢巢轈輠漅
4,35,16,高,17,挹,ᅙᅩᇢ,1,ᅙᅩᇢ,䥝鏖穮
4,35,16,杲,17,挹,ᅙᅩᇢ,2,ᅙᅩᇢ〯,媼懊㤇襖夭䴠
4,35,16,誥,17,挹,ᅙᅩᇢ,3,ᅙᅩᇢ〮,奧墺澳隩燠懊
4,36,16,高,18,虗,호ᇢ,1,호ᇢ,蒿薅鎒茠薃撓
4,36,16,杲,18,虗,호ᇢ,2,호ᇢ〯,好
4,36,16,誥,18,虗,호ᇢ,3,호ᇢ〮,耗好藃
4,36,16,高,19,洪,ᅘᅩᇢ,1,ᅘᅩᇢ,豪濠壕㠙崤蠔毫號諕譹皐唬號嘷
4,36,16,杲,19,洪,ᅘᅩᇢ,2,ᅘᅩᇢ〯,晧浩浩昊顥晧皥暠䯫皜灝皥鎬鰝滈薃鄗
4,36,16,誥,19,洪,ᅘᅩᇢ,3,ᅘᅩᇢ〮,號皐號
4,37,16,高,20,閭,로ᇢ,1,로ᇢ,勞勞澇撈蟧簩醪牢窂轑簝䝁
4,37,16,杲,20,閭,로ᇢ,2,로ᇢ〯,老恅橑轑䝤僚獠㺐䕩簝蓼
4,37,16,誥,20,閭,로ᇢ,3,로ᇢ〮,勞澇潦嫪
4,38,16,高,21,君,교ᇢ,1,교ᇢ,驍澆憢梟蟂憿激徼驕嬌穚憍矯鷮喬交郊蛟鮫鵁茭咬敎膠嘐轇嵺艽
4,38,16,杲,21,君,교ᇢ,2,교ᇢ〯,皎皎皦曒暞繳璬矯撟蹻蟜譑敽糾絞狡佼妖校鉸筊膠攪捁
4,38,16,誥,21,君,교ᇢ,3,교ᇢ〮,叫嘄嘂訆噭徼譥驕撟矯敎學校校鉸較較窖奅覺榷
4,40,16,高,22,快,쿄ᇢ,1,쿄ᇢ,蹺蹻趬嶠趫驕橇鞽敲摮搞鄗骹髇跤墝墽嵪磽礉磝
4,40,16,杲,22,快,쿄ᇢ,2,쿄ᇢ〯,巧
4,40,16,誥,22,快,쿄ᇢ,3,쿄ᇢ〮,竅撽敲礉磽墝骹巧
4,41,16,高,23,虯,꾜ᇢ,1,꾜ᇢ,翹劭招荍喬蕎橋墧嶠嶠僑㝯蟜轎蹻
4,41,16,誥,23,虯,꾜ᇢ,3,꾜ᇢ〮,嶠嶠轎橋
4,42,16,高,24,業,ᅌᅭᇢ,1,ᅌᅭᇢ,鴞聱嶅磝磽礉墽謷
4,42,16,杲,24,業,ᅌᅭᇢ,2,ᅌᅭᇢ〯,齩䶧咬
4,42,16,誥,24,業,ᅌᅭᇢ,3,ᅌᅭᇢ〮,顤澆窔樂
4,42,16,高,25,斗,됴ᇢ,1,됴ᇢ,貂䞴刀凋琱敦彫雕鵰敦弴朝鼂啁嘲謿
4,42,16,杲,25,斗,됴ᇢ,2,됴ᇢ〯,鳥蔦樢芍䓎薂䝤獠㺐
4,42,16,誥,25,斗,됴ᇢ,3,됴ᇢ〮,弔吊釣蔦罩罩䍜
4,43,16,高,26,呑,툐ᇢ,1,툐ᇢ,祧恌窕朓挑眺銚超
4,43,16,杲,26,呑,툐ᇢ,2,툐ᇢ〯,朓眺覜䠷窕趒
4,43,16,誥,26,呑,툐ᇢ,3,툐ᇢ〮,糶糶眺趒超跳眺頫窕趠踔
4,44,16,高,27,覃,뚀ᇢ,1,뚀ᇢ,迢齠苕髫芀跳佻調蜩樤鰷鯈䱔鼂晁朝潮
4,44,16,杲,27,覃,뚀ᇢ,2,뚀ᇢ〯,窕佻㒛挑掉嬥趙旐駣絩垗兆肇肇㨄
4,44,16,誥,27,覃,뚀ᇢ,3,뚀ᇢ〮,調掉挑嬥藋蕛蓧銚召櫂棹䑲
4,46,16,高,28,那,뇨ᇢ,1,뇨ᇢ,鐃譊撓呶詉怓
4,46,16,杲,28,那,뇨ᇢ,2,뇨ᇢ〯,褭梟䮍㒟㜵嫋嬈嬲橈撓摎
4,46,16,誥,28,那,뇨ᇢ,3,뇨ᇢ〮,杘弱橈撓鐃淖鬧
4,46,16,高,29,彆,뵤ᇢ,1,뵤ᇢ,猋飇颮飄贆標燂䙳摽幖嘌杓髟表剽鑣瀌穮臕儦藨麃
4,46,16,杲,29,彆,뵤ᇢ,2,뵤ᇢ〯,褾裱標㟽表
4,47,16,高,30,漂,표ᇢ,1,표ᇢ,漂僄嫖慓飄嘌翲彯剽
4,47,16,杲,30,漂,표ᇢ,2,표ᇢ〯,縹瞟瞫醥膘蔈剽藨苞炰
4,47,16,誥,30,漂,표ᇢ,3,표ᇢ〮,勡剽彯漂僄嫖慓票摽
4,48,16,高,31,步,뾰ᇢ,1,뾰ᇢ,瓢剽薸䕯
4,48,16,杲,31,步,뾰ᇢ,2,뾰ᇢ〯,摽慓蔈莩殍
4,48,16,誥,31,步,뾰ᇢ,3,뾰ᇢ〮,驃票
4,49,16,高,32,彌,묘ᇢ,1,묘ᇢ,苗描猫猫緢
4,49,16,杲,32,彌,묘ᇢ,2,묘ᇢ〯,眇渺篎緲杪秒淼藐
4,49,16,誥,32,彌,묘ᇢ,3,묘ᇢ〮,廟妙眇篎
4,49,16,高,33,即,죠ᇢ,1,죠ᇢ,焦焦鐎燋噍嶕嶣膲僬鷦蕉椒龜龝昭炤招鉊釗樔
4,49,16,杲,33,即,죠ᇢ,2,죠ᇢ〯,樔勦漅巢湫沼昭爪笊㕚蚤瑵
4,49,16,誥,33,即,죠ᇢ,3,죠ᇢ〮,醮樵燋僬趭癄釂燞㩱爝皭照炤昭詔抓笊
4,50,16,高,34,侵,쵸ᇢ,1,쵸ᇢ,鍬銚鐰鍫篍幧㡑怊弨䜈勦鈔摷抄剿
4,50,16,杲,34,侵,쵸ᇢ,2,쵸ᇢ〯,悄愀愁麨煼炒㷅謅
4,50,16,誥,34,侵,쵸ᇢ,3,쵸ᇢ〮,峭峭㴥哨悄俏篍鈔抄訬䜈
4,51,16,高,35,慈,쬬ᇢ,1,쬬ᇢ,樵穛譙憔顦嫶癄焦蕉燋
4,51,16,誥,35,慈,쬬ᇢ,3,쬬ᇢ〮,噍嚼譙誚
4,52,16,高,36,戌,쇼ᇢ,1,쇼ᇢ,蕭簫箾瀟潚彇蟰蠨騷宵霄䨭㲵消綃縿繡硝銷捎蛸哨梢逍俏削痟揱肖翛脩燒梢䈾捎鞘弰蛸髾䈰筲颵
4,52,16,杲,36,戌,쇼ᇢ,2,쇼ᇢ〯,篠小少稍搜
4,52,16,誥,36,戌,쇼ᇢ,3,쇼ᇢ〮,嘯歗笑咲關肖宵俏鞘削皵少燒稍哨削
4,54,16,高,37,邪,쑈ᇢ,1,쑈ᇢ,韶招昭巶苕詔
4,54,16,杲,37,邪,쑈ᇢ,2,쑈ᇢ〯,紹佋袑
4,54,16,誥,37,邪,쑈ᇢ,3,쑈ᇢ〮,邵召邵劭紹
4,54,16,高,38,挹,ᅙᅭᇢ,1,ᅙᅭᇢ,幺么怮宎腰要葽喓䙅䌁邀徼妖祅訞枖夭凹窅咬
4,54,16,杲,38,挹,ᅙᅭᇢ,2,ᅙᅭᇢ〯,杳窔穾窅窈眑夭殀䴢拗
4,54,16,誥,38,挹,ᅙᅭᇢ,3,ᅙᅭᇢ〮,要約穾宎窔窈拗靿袎
4,55,16,高,39,虗,효ᇢ,1,효ᇢ,囂嚻䖀枵呺歊熇燆獢驕膮嘵譊憢虓猇唬哮㹲涍髇骹詨號謞誟庨嘐烋咻
4,55,16,杲,39,虗,효ᇢ,2,효ᇢ〯,曉
4,55,16,誥,39,虗,효ᇢ,3,효ᇢ〮,歊膮孝嗃
4,57,16,高,40,洪,ᅘᅭᇢ,1,ᅘᅭᇢ,爻肴餚殽筊茭絞洨
4,57,16,杲,40,洪,ᅘᅭᇢ,2,ᅘᅭᇢ〯,皛㵿芍趙
4,57,16,誥,40,洪,ᅘᅭᇢ,3,ᅘᅭᇢ〮,效傚殽㕛效佼校恔斆學
4,57,16,高,41,欲,요ᇢ,1,요ᇢ,遙隃踰瑤搖猶謠鳐蘨姚珧銚褕揄陶軺窯窯堯嶢嶤僥垚
4,57,16,杲,41,欲,요ᇢ,2,요ᇢ〯,溔舀抌鷕
4,57,16,誥,41,欲,요ᇢ,3,요ᇢ〮,燿曜耀皬鹞姚
4,58,16,高,42,閭,료ᇢ,1,료ᇢ,聊樛寮簝嶚嵺嶛僚嘹轑瞭撩鐐鏐㙩橑獠䝤璙繚遼鷯䨅翏憀漻豂熮飂勠戮寥廖膋料
4,58,16,杲,42,閭,료ᇢ,2,료ᇢ〯,了釕繚繆瞭燎憭撩僚嫽蓼鄝
4,58,16,誥,42,閭,료ᇢ,3,료ᇢ〮,料嘹嫽鐐璙膫鷯燎㙩繚獠療樂蟉熮廖
4,60,16,高,43,穰,ᅀᅭᇢ,1,ᅀᅭᇢ,饒橈嬈襓蕘擾
4,60,16,杲,43,穰,ᅀᅭᇢ,2,ᅀᅭᇢ〯,擾㹛繞嬈撓揉遶
4,60,16,誥,43,穰,ᅀᅭᇢ,3,ᅀᅭᇢ〮,饒繞撓
4,61,17,鳩,1,君,구ᇢ,1,구ᇢ,鳩䧱勼九捄鉤鉤軥拘袧枸句區勾篝簼溝韝褠㡚緱
4,61,17,九,1,君,구ᇢ,2,구ᇢ〯,九乆玖灸韭韮耈耈笱苟枸狗玽詬垢坸
4,61,17,救,1,君,구ᇢ,3,구ᇢ〮,救浗廐灸疚究冓構購媾遘覯詬訽姤句雊呴㗕鸲彀穀
4,63,17,鳩,2,快,쿠ᇢ,1,쿠ᇢ,丘坵區驅龜彄彀摳
4,63,17,九,2,快,쿠ᇢ,2,쿠ᇢ〯,糗口叩扣敂釦
4,63,17,救,2,快,쿠ᇢ,3,쿠ᇢ〮,糗寇滱扣叩溝
4,64,17,鳩,3,虯,꾸ᇢ,1,꾸ᇢ,求球璆絿䊵觩觓銶賕俅捄逑毬皳裘莍叴厹㕤仇㐜頄頯馗九艽
4,64,17,九,3,虯,꾸ᇢ,2,꾸ᇢ〯,臼舅䊆咎麔舊蟉
4,64,17,救,3,虯,꾸ᇢ,3,꾸ᇢ〮,舊匛
4,65,17,鳩,4,業,ᅌᅮᇢ,1,ᅌᅮᇢ,尤訧疣蚘郵卸牛齵腢
4,65,17,九,4,業,ᅌᅮᇢ,2,ᅌᅮᇢ〯,有右佑友偶耦喁髃腢藕
4,65,17,救,4,業,ᅌᅮᇢ,3,ᅌᅮᇢ〮,宥侑囿右佑祐又偶
4,65,17,鳩,5,斗,두ᇢ,1,두ᇢ,兜
4,65,17,九,5,斗,두ᇢ,2,두ᇢ〯,斗豆㪷枓蚪陡
4,65,17,救,5,斗,두ᇢ,3,두ᇢ〮,鬬𧱦
4,66,17,鳩,6,呑,투ᇢ,1,투ᇢ,偸愉婾鍮鋀
4,66,17,九,6,呑,투ᇢ,2,투ᇢ〯,妵
4,66,17,救,6,呑,투ᇢ,3,투ᇢ〮,透
4,66,17,鳩,7,覃,뚜ᇢ,1,뚜ᇢ,頭投骰揄牏窬㢏
4,66,17,九,7,覃,뚜ᇢ,2,뚜ᇢ〯,鋀揄
4,66,17,救,7,覃,뚜ᇢ,3,뚜ᇢ〮,豆梪䇺荳餖脰逗投竇窬瀆讀酘
4,67,17,鳩,8,彆,부ᇢ,1,부ᇢ,鴀不紑
4,67,17,九,8,彆,부ᇢ,2,부ᇢ〯,掊缶缻不否
4,67,17,救,8,彆,부ᇢ,3,부ᇢ〮,富富鍑
4,67,17,鳩,9,漂,푸ᇢ,1,푸ᇢ,浮
4,67,17,九,9,漂,푸ᇢ,2,푸ᇢ〯,剖部掊秠
4,67,17,救,9,漂,푸ᇢ,3,푸ᇢ〮,副㽬福覆仆
4,67,17,鳩,10,步,뿌ᇢ,1,뿌ᇢ,抔枹㧵裒褒掊棓浮桴烰蜉粰罦涪棓芣罘
4,67,17,九,10,步,뿌ᇢ,2,뿌ᇢ〯,部蔀培㟝垺䏽瓿䍌婦媍負偩阜峊
4,67,17,救,10,步,뿌ᇢ,3,뿌ᇢ〮,復複覆伏
4,68,17,鳩,11,彌,무ᇢ,1,무ᇢ,謀㖼蟊蝥蟊雺霿蒙鍪瞀髳髦牟侔件蛑眸麰恈毋
4,68,17,九,11,彌,무ᇢ,2,무ᇢ〯,母拇䳇畝畝厶某牡茂
4,68,17,救,11,彌,무ᇢ,3,무ᇢ〮,戊茂楙懋瞀霧愗敄袤貿鄮姆
4,70,17,鳩,12,即,주ᇢ,1,주ᇢ,諏陬掫緅鯫租鄒騶緅棸菆黀
4,70,17,九,12,即,주ᇢ,2,주ᇢ〯,走掫趣
4,70,17,救,12,即,주ᇢ,3,주ᇢ〮,奏走縐皺甃
4,70,17,鳩,13,侵,추ᇢ,1,추ᇢ,搊篘
4,70,17,九,13,侵,추ᇢ,2,추ᇢ〯,趣趨鯫取
4,70,17,救,13,侵,추ᇢ,3,추ᇢ〮,湊輳奏楱腠蔟族
4,71,17,救,14,慈,쭈ᇢ,3,쭈ᇢ〮,驟騶僽
4,71,17,鳩,15,戌,수ᇢ,1,수ᇢ,涑漱鎪叟搜鎪溲深騪廋廋叟溞颾颼蒐䐹鱐
4,71,17,九,15,戌,수ᇢ,2,수ᇢ〯,叟傁䏂藪掫蓃籔䈹蔌嗾㖩溲醙獀蒐
4,71,17,救,15,戌,수ᇢ,3,수ᇢ〮,漱嗽瘶欶嗾謏瘦膄
4,72,17,鳩,16,邪,쑤ᇢ,1,쑤ᇢ,愁
4,72,17,鳩,17,挹,ᅙᅮᇢ,1,ᅙᅮᇢ,憂懮優耰嚘㗀瀀㱊麀謳嘔漚樞鷗甌歐區
4,72,17,九,17,挹,ᅙᅮᇢ,2,ᅙᅮᇢ〯,懮歐驅摳歐
4,72,17,救,17,挹,ᅙᅮᇢ,3,ᅙᅮᇢ〮,漚渥
4,73,17,九,18,虗,후ᇢ,2,후ᇢ〯,吼呴吽
4,73,17,救,18,虗,ᅙᅮᇢ,3,ᅙᅮᇢ〮,詬訽怐佝蔲鱟吼
4,74,17,鳩,19,洪,ᅘᅮᇢ,1,ᅘᅮᇢ,侯帿篌翭翵喉餱餱鍭猴
4,74,17,九,19,洪,ᅘᅮᇢ,2,ᅘᅮᇢ〯,厚后詬訽郈後
4,74,17,救,19,洪,ᅘᅮᇢ,3,ᅘᅮᇢ〮,候堠鍭翭后逅詬郈後
4,74,17,鳩,20,閭,루ᇢ,1,루ᇢ,婁樓艛螻髏䫫鞻褸縷慺僂摟膢䄛劉䝏蔞寠廔
4,74,17,九,20,閭,루ᇢ,2,루ᇢ〯,塿婁嵝漊簍甊
4,74,17,救,20,閭,루ᇢ,3,루ᇢ〮,屚漏鏤嶁僂瘻陋
4,75,17,鳩,21,君,규ᇢ,1,규ᇢ,樛繆糾摎糾艽
4,75,17,九,21,君,규ᇢ,2,규ᇢ〯,糾朻赳
4,76,17,鳩,22,虯,뀨ᇢ,1,뀨ᇢ,虯虯觩蟉捄
4,76,17,鳩,23,斗,듀ᇢ,1,듀ᇢ,輈侜鵃調啁譸侜嚋盩
4,76,17,九,23,斗,듀ᇢ,2,듀ᇢ〯,肘䏔
4,76,17,救,23,斗,듀ᇢ,3,듀ᇢ〮,晝咮喙啄注
4,76,17,鳩,24,呑,튜ᇢ,1,튜ᇢ,抽妯瘳
4,76,17,九,24,呑,튜ᇢ,2,튜ᇢ〯,丑杻鈕
4,76,17,救,24,呑,튜ᇢ,3,튜ᇢ〮,嘼
4,76,17,鳩,25,覃,뜌ᇢ,1,뜌ᇢ,儔檮疇幬䲖籌䯾稠綢裯惆紬鯈
4,76,17,九,25,覃,뜌ᇢ,2,뜌ᇢ〯,紂䈙
4,76,17,救,25,覃,뜌ᇢ,3,뜌ᇢ〮,胄伷育胄䩜宙紬籒酎
4,77,17,鳩,26,那,뉴ᇢ,1,뉴ᇢ,䨲㝹獳
4,77,17,九,26,那,뉴ᇢ,2,뉴ᇢ〯,紐杻鈕狃忸觳穀啂豰
4,77,17,救,26,那,뉴ᇢ,3,뉴ᇢ〮,糅狃耨鎒譳檽
4,78,17,鳩,27,彆,뷰ᇢ,1,뷰ᇢ,彪髟
4,78,17,鳩,28,漂,퓨ᇢ,1,퓨ᇢ,秠
4,78,17,鳩,29,步,쀼ᇢ,1,쀼ᇢ,滮
4,78,17,鳩,30,彌,뮤ᇢ,1,뮤ᇢ,繆
4,78,17,救,30,彌,뮤ᇢ,3,뮤ᇢ〮,謬嘐繆
4,78,17,鳩,31,即,쥬ᇢ,1,쥬ᇢ,揫愁湫湬啾酋噍周輖賙州洲舟
4,78,17,九,31,即,쥬ᇢ,2,쥬ᇢ〯,酒帚鯞
4,78,17,救,31,即,쥬ᇢ,3,쥬ᇢ〮,僦祝呪詋詶
4,79,17,鳩,32,侵,츄ᇢ,1,츄ᇢ,秋楸橚萩篍鶖緧䋺輶鞦鰍鰍趥䠓犨
4,79,17,九,32,侵,츄ᇢ,2,츄ᇢ〯,醜魗
4,79,17,救,32,侵,츄ᇢ,3,츄ᇢ〮,臭殠
4,79,17,鳩,33,慈,쮸ᇢ,1,쮸ᇢ,酋醔蝤遒
4,79,17,救,33,慈,쮸ᇢ,3,쮸ᇢ〮,就鷲鷲
4,80,17,鳩,34,戌,슈ᇢ,1,슈ᇢ,修修修羞饈䐰收
4,80,17,九,34,戌,슈ᇢ,2,슈ᇢ〯,滫糔溲詠首守狩手
4,80,17,救,34,戌,슈ᇢ,3,슈ᇢ〮,秀琇繡宿狩守獸首收
4,80,17,鳩,35,邪,쓔ᇢ,1,쓔ᇢ,囚游游湭慒湭讎售詶醻酬魗
4,80,17,九,35,邪,쓔ᇢ,2,쓔ᇢ〯,受授綬壽
4,80,17,救,35,邪,쓔ᇢ,3,쓔ᇢ〮,岫䜬袖褎授綬壽售讐
4,81,17,鳩,36,挹,ᅙᅲᇢ,1,ᅙᅲᇢ,幽呦怮
4,81,17,九,36,挹,ᅙᅲᇢ,2,ᅙᅲᇢ〯,黝幽岰泑怮眑
4,81,17,救,36,挹,ᅙᅲᇢ,3,ᅙᅲᇢ〮,幼
4,81,17,鳩,37,虗,휴ᇢ,1,휴ᇢ,休庥茠烋髹髤貅咻煦
4,81,17,九,37,虗,ᅙᅲᇢ,2,ᅙᅲᇢ〯,朽
4,81,17,救,37,虗,ᅙᅲᇢ,3,ᅙᅲᇢ〮,齅嗅臭獸畜
4,82,17,鳩,38,欲,유ᇢ,1,유ᇢ,由油鮋䱔猷猶蕕輶蝤楢槱庮攸悠滺浟斿㫍蝣游䢊遊繇蘨卣修冘抌楡
4,82,17,九,38,欲,유ᇢ,2,유ᇢ〯,酉庮槱梄輶莠琇璓羑誘遁卣脩牖攸
4,82,17,救,38,欲,유ᇢ,3,유ᇢ〮,狖柚猶槱禉褎蜼猚哨
4,84,17,鳩,39,閭,류ᇢ,1,류ᇢ,畱榴瑠騮駠遛鶹瘤流㳅裗旒游劉瀏漻懰斿游旒㐬鏐飂飀䬟憀疁勠戮
4,84,17,九,39,閭,류ᇢ,2,류ᇢ〯,㶯蔞僂䬟茆罶瀏懰㚹嬼蟉
4,84,17,救,39,閭,류ᇢ,3,류ᇢ〮,溜霤廇瘤餾塯遛留飂漻戮廖窌
4,85,17,鳩,40,穰,ᅀᅲᇢ,1,ᅀᅲᇢ,柔㽥瑈鍒鑐鞣蹂揉腬肉
4,85,17,九,40,穰,ᅀᅲᇢ,2,ᅀᅲᇢ〯,蹂揉輮糅厹
4,85,17,救,40,穰,ᅀᅲᇢ,3,ᅀᅲᇢ〮,輮鞣揉楺糅蹂肉
5,8,18,貲,1,即,ᄌᆞᆼ,1,ᄌᆞᆼ,貲訾訾觜髭鄑咨諮資䆅姿粢秶澬姕齊齍璾齎玆慈孶滋嵫鎡仔孜耔鼒
5,8,18,紫,1,即,ᄌᆞᆼ,2,ᄌᆞᆼ〯,紫訾訾訾訾跐㧗姉子耔芓仔杍梓梓
5,8,18,恣,1,即,ᄌᆞᆼ,3,ᄌᆞᆼ〮,恣耫㧘柴
5,9,18,貲,2,侵,ᄎᆞᆼ,1,ᄎᆞᆼ,雌䳄郪趑次
5,9,18,紫,2,侵,ᄎᆞᆼ,2,ᄎᆞᆼ〯,此泚佌玼皉
5,9,18,恣,2,侵,ᄎᆞᆼ,3,ᄎᆞᆼ〮,剌庛次佽㐸絘䯸
5,10,18,貲,3,慈,ᄍᆞᆼ,1,ᄍᆞᆼ,慈㤵磁鶿鶿鴜玆茨餈粢䭣薋䨏瓷薺疵玼骴髊茈訾
5,10,18,恣,3,慈,ᄍᆞᆼ,3,ᄍᆞᆼ〮,字牸孶自漬眥眦骴髊㱴餗
5,11,18,貲,4,戌,ᄉᆞᆼ,1,ᄉᆞᆼ,私思罳䰄偲愢緦颸絲司伺覗斯撕澌凘廝㒋虒傂禠㴲磃菥析徙師獅篩釃灑廝襹褷籭簛簁蓰
5,11,18,紫,4,戌,ᄉᆞᆼ,2,ᄉᆞᆼ〯,徙璽死枲葸諰鰓禗躧蹝屣釃纚縰灑洒矖蓰簁籭漇史駛使
5,11,18,恣,4,戌,ᄉᆞᆼ,3,ᄉᆞᆼ〮,賜錫瀃澌杫㮐四泗柶駟肆肄笥伺覗司僿思駛駛使屣灑洒曬釃䚕
5,13,18,貲,5,邪,ᄊᆞᆼ,1,ᄊᆞᆼ,詞祠柌辭辭漦
5,13,18,紫,5,邪,ᄊᆞᆼ,2,ᄊᆞᆼ〯,兕似佛姒㚶耜梩杞䎣枱祀汜巳士仕戺俟竢竢逘涘騃
5,13,18,恣,5,邪,ᄊᆞᆼ,3,ᄊᆞᆼ〮,寺嗣飤飼食飴事
5,14,18,紫,6,快,킹,2,킹〯,企跂促
5,14,18,恣,6,快,킹,3,킹〮,棄企跂蚑
5,15,18,貲,7,虯,낑,1,낑,祇軝軙忯疧疷伎跂枝蚑岐岐祁耆鰭愭鬐
5,15,18,貲,8,斗,딩,1,딩,知䝷蜘鼅胝疷䟡躓
5,15,18,紫,8,斗,딩,2,딩〯,徵黹䌤緻絺希鵗
5,15,18,恣,8,斗,딩,3,딩〮,致致輊輖質劕躓懫驇疐嚔智知置
5,16,18,貲,9,呑,팅,1,팅,摛攡螭彲離魑离絺瓻癡笞抬呞
5,16,18,紫,9,呑,팅,2,팅〯,褫拸䚦拖扯恥誀祉
5,16,18,恣,9,呑,팅,3,팅〮,眙
5,17,18,貲,10,覃,띵,1,띵,馳䮈池篪竾筂褫簃移謻趨邸踟踶墀遲遟遲赿䜄坻汣沶泜蚳貾治耛菭持蛇
5,17,18,紫,10,覃,띵,2,띵〯,豸褫傂阤陀陊杝雉鴙鶨薙埃垁滍泜踶峙跱畤庤痔偫崻
5,17,18,恣,10,覃,띵,3,띵〮,地地地緻致穉稚䆈稚䕌謘遲遲治値直㯰置褫彘
5,19,18,貲,11,那,닝,1,닝,尼㞾怩跜秜旎
5,19,18,紫,11,那,닝,2,닝〯,柅旎狔
5,19,18,恣,11,那,닝,3,닝〮,膩
5,20,18,貲,12,彆,빙,1,빙,卑庳箄裨陴埤鞞錍椑陂波詖羆罷藣碑悲非餥裴蜚誹緋扉飛騛
5,20,18,紫,12,彆,빙,2,빙〯,卑髀脾鞞箄匕比妣䃾秕粃朼枇彼佊鄙圖否匪篚榧棐蜚奜蜰
5,20,18,恣,12,彆,빙,3,빙〮,嬖辟畀痹比庛芘賁跛詖陂披佊貱波藣祕祕泌柲鉍䪐閟鄪費粊轡䩛沸髴誹非芾茀
5,22,18,貲,13,漂,핑,1,핑,紕悂鈹鉟披㱟㨢被旇翍耚丕㔻伾秠怌駓駓豾狉銔批霏䬠菲騑匪馡裶裴妃婓
5,22,18,紫,13,漂,핑,2,핑〯,庀比庇疕仳諀吡批披㱟噽秠斐菲誹非悱朏
5,22,18,恣,13,漂,핑,3,핑〮,譬辟貲亟淠帔被襬費
5,24,18,貲,14,步,삥,1,삥,毗紕辟阰魮鈚蚍螕琵批比膍㮰貔豼陴埤脾裨崥皮疲罷郫邳岯坏魾肥淝腓痱厞婓賁
5,24,18,紫,14,步,삥,2,삥〯,婢埤䠋卑庳埤否痞岯圮䤏被骳罷陫
5,24,18,恣,14,步,삥,3,삥〮,鼻比紕枇庳庳卑避辟髲被鞁骳備備犕糒奰贔屝厞陫痱腓菲蜚翡䠊剕費狒昲黂䆊
5,27,18,貲,15,彌,밍,1,밍,彌彌彌㜷㜷瀰冞糜穈縻䌕靡㸏劘醾醿蘼蘪攠眉嵋湄攗楣郿媚麋麛微薇㵟溦霺
5,27,18,紫,15,彌,밍,2,밍〯,弭渳彌瀰沔侎芋美渼靡尾亹斖娓
5,27,18,恣,15,彌,밍,3,밍〮,寐媢媚郿魅靡未味
5,28,18,貲,16,即,징,1,징,支枝肢跂䧴鳷巵觶梔氏祇祇衹褆㩼多秖榰禔疧脂祇砥泜之芝
5,28,18,紫,16,即,징,2,징〯,紙帋坁汦汣抵觗㧗抵砥只抵軹枳咫疻旨旨指指脂恉厎底耆止芷沚洔阯址趾畤
5,28,18,恣,16,即,징,3,징〮,寘忮伎觶觗至摯贄質鷙礩志誌識痣䏯織綕幟
5,31,18,貲,17,侵,칭,1,칭,蚩嗤鴟鵄眵
5,31,18,紫,17,侵,칭,2,칭〯,侈奓鉹誃哆恀䏧姼移袳移袲㢋㢁懘齒茝䊼
5,31,18,恣,17,侵,칭,3,칭〮,熾幟織志饎糦喜埴戠
5,32,18,貲,18,戌,싱,1,싱,施葹鍦鉇絁䌤䙾尸㕧鳲䲩屍蓍詩邿
5,32,18,紫,18,戌,싱,2,싱〯,弛弛阤施豕矢笑屎始
5,32,18,恣,18,戌,싱,3,싱〮,翅翄翨施鍦釶啻翅試式弑殺煞識幟織始失
5,33,18,貲,19,邪,씽,1,씽,茬茌匙㮛堤提禔媞鍉時塒鰣
5,33,18,紫,19,邪,씽,2,씽〯,是諟惿媞䟗氏視市恃㤄舐話狧
5,33,18,恣,19,邪,씽,3,씽〮,示謚謚豉嗜耆呩視侍寺䦙蒔
5,34,18,貲,20,挹,ᅙᅵᆼ,1,ᅙᅵᆼ,伊洢咿吚黟黝
5,34,18,恣,20,挹,ᅙᅵᆼ,3,ᅙᅵᆼ〮,縊
5,35,18,貲,21,虗,ᅙᅵᆼ,1,ᅙᅵᆼ,㕧屎䐖
5,35,18,貲,22,欲,잉,1,잉,移拖䔟簃扅栘鉹袲椸箷䈕㮛暆貤酏匜詑訑施蛇夷尼痍荑恞跠峓鐵侇桋䧅姨洟胰寅夤彛飴䬮怡眙詒貽瓵怠台頤宧圯異
5,35,18,紫,22,欲,잉,2,잉〯,以已苢苡酏祂肔胣匜迆迤施崺
5,35,18,恣,22,欲,잉,3,잉〮,易㑥敡施袘緆衪貤移肄肆勩廙異異食詒貽
5,37,18,貲,23,閭,링,1,링,離蘺籬杝㰚㒿䍦灕漓離攡摛褵縭璃䅻醨离鸝鵹矖纚驪孋穲䕻麗罹蠡盠劙棃棃梨犁黧犂犁蔾菞蔾氂犛狸剺嫠來倈徠䅘貍狸猍梩
5,37,18,紫,23,閭,링,2,링〯,里理鯉俚悝裏李邐麗履
5,37,18,恣,23,閭,링,3,링〮,詈茘離离利莅蒞位吏
5,40,18,貲,24,穰,ᅀᅵᆼ,1,ᅀᅵᆼ,兒唲而胹臑腝洏胹陑栭鮞髵耏耐鴯怠濡
5,40,18,紫,24,穰,ᅀᅵᆼ,2,ᅀᅵᆼ〯,爾爾爾邇邇邇耳耳珥駬䋙餌柅鑈檷
5,40,18,恣,24,穰,ᅀᅵᆼ,3,ᅀᅵᆼ〮,二貳㒃樲餌㢽珥鉺衈咡刵毦髶聏
5,41,18,恣,25,斗,ᄃᆡᆼ,3,ᄃᆡᆼ〮,載載襶
5,41,18,貲,26,呑,ᄐᆡᆼ,1,ᄐᆡᆼ,胎孡台能駘鮐邰斄釐漦
5,41,18,恣,26,呑,ᄐᆡᆼ,3,ᄐᆡᆼ〮,貸態詒紿怠䈚箈殆待
5,41,18,貲,27,覃,ᄄᆡᆼ,1,ᄄᆡᆼ,臺臺薹籉儓擡鮐駘跆苔炱炲䈚箈
5,41,18,紫,27,覃,ᄄᆡᆼ,2,ᄄᆡᆼ〯,待逮迨聿駘紿詒殆怠䈚箈靆
5,41,18,恣,27,覃,ᄄᆡᆼ,3,ᄄᆡᆼ〮,代岱袋黛逮曃霴棣埭瑇毒玳
5,43,18,貲,28,彆,ᄇᆡᆼ,1,ᄇᆡᆼ,杯盃桮
5,43,18,恣,28,彆,ᄇᆡᆼ,3,ᄇᆡᆼ〮,背輩輩
5,43,18,貲,29,漂,ᄑᆡᆼ,1,ᄑᆡᆼ,胚妚衃阫坏培醅
5,43,18,紫,29,漂,ᄑᆡᆼ,2,ᄑᆡᆼ〯,朏
5,43,18,恣,29,漂,ᄑᆡᆼ,3,ᄑᆡᆼ〮,配妃朏
5,43,18,貲,30,步,ᄈᆡᆼ,1,ᄈᆡᆼ,裴徘俳培陪倍阫
5,43,18,紫,30,步,ᄈᆡᆼ,2,ᄈᆡᆼ〯,琲㻗痱倍
5,43,18,恣,30,步,ᄈᆡᆼ,3,ᄈᆡᆼ〮,佩佩背偝負倍㔨北邶鄁倍焙孛茀勃誖悖哱怫㫲琲㻗拔萯
5,44,18,貲,31,彌,ᄆᆡᆼ,1,ᄆᆡᆼ,枚玫梅楳某槑鋂脢脄膴酶䊈莓每䍙禖媒煤塺
5,44,18,紫,31,彌,ᄆᆡᆼ,2,ᄆᆡᆼ〯,浼每痗脢脄
5,44,18,恣,31,彌,ᄆᆡᆼ,3,ᄆᆡᆼ〮,妹昧㫚眛沬韎每痗脢脄沕琩冒媒
5,46,18,貲,32,即,ᄌᆡᆼ,1,ᄌᆡᆼ,哉裁栽載災災菑甾
5,46,18,紫,32,即,ᄌᆡᆼ,2,ᄌᆡᆼ〯,宰䏁縡載
5,46,18,恣,32,即,ᄌᆡᆼ,3,ᄌᆡᆼ〮,再載縡
5,46,18,貲,33,侵,ᄎᆡᆼ,1,ᄎᆡᆼ,猜偲
5,46,18,紫,33,侵,ᄎᆡᆼ,2,ᄎᆡᆼ〯,采採寀彩採綵䰂茝
5,46,18,恣,33,侵,ᄎᆡᆼ,3,ᄎᆡᆼ〮,菜寀采縩
5,46,18,貲,34,慈,ᄍᆡᆼ,1,ᄍᆡᆼ,裁才材財鼒纔
5,46,18,紫,34,慈,ᄍᆡᆼ,2,ᄍᆡᆼ〯,在
5,46,18,恣,34,慈,ᄍᆡᆼ,3,ᄍᆡᆼ〮,在裁栽載酨
5,47,18,貲,35,戌,ᄉᆡᆼ,1,ᄉᆡᆼ,鰓䚡䰄思緦顋毸
5,47,18,恣,35,戌,ᄉᆡᆼ,3,ᄉᆡᆼ〮,塞僿簺賽
5,47,18,貲,36,挹,ᅙᆡᆼ,1,ᅙᆡᆼ,哀埃㶼欸唉
5,47,18,紫,36,挹,ᅙᆡᆼ,2,ᅙᆡᆼ〯,欸唉款靉靄藹娭毐
5,47,18,恣,36,挹,ᅙᆡᆼ,3,ᅙᆡᆼ〮,愛靉曖僾薆藹靄欸
5,48,18,貲,37,虗,ᄒᆡᆼ,1,ᄒᆡᆼ,咍
5,48,18,紫,37,虗,ᄒᆡᆼ,2,ᄒᆡᆼ〯,海醢
5,48,18,貲,38,洪,ᅘᆡᆼ,1,ᅘᆡᆼ,孩孩頦
5,48,18,紫,38,洪,ᅘᆡᆼ,2,ᅘᆡᆼ〯,亥侅劾
5,48,18,恣,38,洪,ᅘᆡᆼ,3,ᅘᆡᆼ〮,瀣劾
5,48,18,貲,39,閭,ᄅᆡᆼ,1,ᄅᆡᆼ,來逨倈萊徠䅘騋淶崍
5,48,18,恣,39,閭,ᄅᆡᆼ,3,ᄅᆡᆼ〮,徠倈來睞賚萊
5,49,18,貲,40,君,긩,1,긩,羈䩭鞿羈踦奇倚踦奇畸觭掎剞飢饑肌姬箕箕諆錤棋檱踑其基朞期棋居機鐖璣機嘰饑鞿磯譏耭蟣幾刏
5,49,18,紫,40,君,긩,2,긩〯,己紀几機㲹麂掎踦剞庋攱庪㨳蟣穖幾
5,49,18,恣,40,君,긩,3,긩〮,寄徛冀兾驥懻穊穖覬幾洎記其忌已㤅近旣漑曁
5,51,18,貲,41,快,킝,1,킝,敧崎觭踦䗁徛碕榿欺倛僛娸
5,51,18,紫,41,快,킝,2,킝〯,綺觭起杞梩㞯玘芑豈䔇
5,51,18,恣,41,快,킝,3,킝〮,器器亟氣乞
5,52,18,貲,42,虯,끵,1,끵,奇騎錡琦碕埼隑其箕稘期琪淇祺麒騏鶀旗棊碁櫀蜝綦綨璂蘄祈蘄肵旂頎畿畿幾刏機碕
5,52,18,紫,42,虯,끵,2,끵〯,技伎妓䗁錡跽
5,52,18,恣,42,虯,끵,3,끵〮,芰茤騎䗁妓技洎垍曁墍蔇忌鵋誋惎㥍諅綦禨璣幾曁刏
5,54,18,貲,43,業,ᅌᅴᆼ,1,ᅌᅴᆼ,宜義儀檥轙議鸃䴊㕒嶬涯崖疑儗嶷觺沂凒皚溰
5,54,18,紫,43,業,ᅌᅴᆼ,2,ᅌᅴᆼ〯,蟻蟻蛾轙艤檥礒硪齮錡擬譺懝儗疑薿孴矣顗
5,54,18,恣,43,業,ᅌᅴᆼ,3,ᅌᅴᆼ〮,義誼竩議儗毅藙
5,55,18,貲,44,即,즹,1,즹,菑載䅔淄甾緇純䊷輜椔錙鶅甾
5,55,18,紫,44,即,즹,2,즹〯,滓甾緇
5,55,18,恣,44,即,즹,3,즹〮,胾椔緇菑倳事輜剚
5,56,18,貲,45,侵,칑,1,칑,差嵯嵳䡨
5,56,18,恣,45,侵,칑,3,칑〮,厠厠
5,56,18,貲,46,挹,ᅙᅴᆼ,1,ᅙᅴᆼ,漪猗䝝兮椅欹旖禕醫毉噫意億懿嘻譆衣依譩
5,56,18,紫,46,挹,ᅙᅴᆼ,2,ᅙᅴᆼ〯,倚奇椅檹輢猗旖㫊䭲譩醫醷臆旖㕈庡依偯
5,56,18,恣,46,挹,ᅙᅴᆼ,3,ᅙᅴᆼ〮,意薏倚猗輢懿饐饖撎衣䵝
5,58,18,貲,47,虗,힁,1,힁,犧曦㬢爔羲戲嚱檥巇嶬桸獻僖嬉嘻禧釐譆熹暿熺娭㜯稀俙晞睎豨狶欷唏鵗希
5,58,18,紫,47,虗,힁,2,힁〯,喜憘憙嬉豨唏俙霼
5,58,18,恣,47,虗,힁,3,힁〮,戲齂哂嚊屭豷燹咥憙喜憘嬉欷唏愾餼䊠旣熂霼墍摡黖
5,60,19,傀,1,君,굉,1,굉,傀瑰瓌璝
5,60,19,儈,1,君,굉,3,굉〮,儈會襘檜澮膾鱠獪䯤鬠旝鄶劊會廥憒慖幗蔮刏
5,61,19,傀,2,快,쾽,1,쾽,恢詼盔魁悝
5,61,19,儈,2,快,쾽,3,쾽〮,塊蕢蒯堁
5,61,19,傀,3,業,ᅌᅬᆼ,1,ᅌᅬᆼ,嵬峞隗阢桅磑
5,61,19,隗,3,業,ᅌᅬᆼ,2,ᅌᅬᆼ〯,隗嵬峞䫥頠
5,61,19,儈,3,業,ᅌᅬᆼ,3,ᅌᅬᆼ〮,外磑
5,61,19,傀,4,斗,됭,1,됭,鎚追頧搥槌磓堆塠㕍敦
5,61,19,儈,4,斗,됭,3,됭〮,祋杸對轛碓敦
5,62,19,傀,5,呑,툉,1,툉,推蓷焞
5,62,19,隗,5,呑,툉,2,툉〯,腿
5,62,19,儈,5,呑,툉,3,툉〮,娧脫稅駾蛻兌退納
5,63,19,傀,6,覃,뙹,1,뙹,隤頹墤頹尵僓魋
5,63,19,隗,6,覃,뙹,2,뙹〯,鐓憝隊
5,63,19,儈,6,覃,뙹,3,뙹〮,兌銳奪隊䨴䨨薱憝譈懟憞譵鐓駾
5,63,19,傀,7,那,뇡,1,뇡,挼捼
5,63,19,隗,7,那,뇡,2,뇡〯,餧餒鯘鮾脮腇腇
5,63,19,儈,7,那,뇡,3,뇡〮,內
5,64,19,儈,8,即,죙,3,죙〮,最蕞棷粹晬綷祽
5,64,19,傀,9,侵,쵱,1,쵱,崔催縗衰䙑
5,64,19,隗,9,侵,쵱,2,쵱〯,漼璀皠洒綷萃
5,64,19,儈,9,侵,쵱,3,쵱〮,襊㝮竄倅萃淬焠淬啐啛
5,65,19,傀,10,慈,쬥,1,쬥,摧漼凗崔嶵磪
5,65,19,隗,10,慈,쬥,2,쬥〯,辠
5,65,19,儈,10,慈,쬥,3,쬥〮,蕞
5,65,19,傀,11,戌,쇵,1,쇵,挼䪎鞖
5,65,19,儈,11,戌,쇵,3,쇵〮,碎粹誶
5,65,19,傀,12,挹,ᅙᅬᆼ,1,ᅙᅬᆼ,隈椳煨䋿偎畏
5,65,19,隗,12,挹,ᅙᅬᆼ,2,ᅙᅬᆼ〯,猥椳萎
5,65,19,儈,12,挹,ᅙᅬᆼ,3,ᅙᅬᆼ〮,薈懀濊
5,65,19,傀,13,虗,횡,1,횡,灰豗豗拻
5,65,19,隗,13,虗,횡,2,횡〯,賄悔
5,65,19,儈,13,虗,횡,3,횡〮,噦鐬翽誨晦悔靧頮
5,66,19,傀,14,洪,ᅘᅬᆼ,1,ᅘᅬᆼ,回廻茴洄徊瑰槐瘣
5,66,19,隗,14,洪,ᅘᅬᆼ,2,ᅘᅬᆼ〯,瘣壞廆匯滙回
5,66,19,儈,14,洪,ᅘᅬᆼ,3,ᅘᅬᆼ〮,會禬繪䙡璯潰繪繪䜋聵瞶闠回匯䔇
5,67,19,傀,15,閭,룅,1,룅,雷䨓罍鑘礧轠瓃
5,67,19,隗,15,閭,룅,2,룅〯,磊磥礌礧㠥礨壘櫑儡㒦蕾
5,67,19,儈,15,閭,룅,3,룅〮,酹類耒礧壘礌雷㵢攂
5,68,20,佳,1,君,갱,1,갱,佳街皆偕湝階堦楷喈荄痎䕸稭祴該垓畡陔閡絯胲侅晐峐剴祴裓
5,68,20,解,1,君,갱,2,갱〯,解改胲陔閡
5,68,20,蓋,1,君,갱,3,갱〮,蓋蓋匃匄丐懈解繲廨解戒誡悈介界堺魪玠琾㠹价尬芥疥蚧䯰屆漑摡槪扢槪㧉剴
5,70,20,佳,2,快,캥,1,캥,揩
5,70,20,解,2,快,캥,2,캥〯,鍇楷愷凱豈鎧塏闓
5,70,20,蓋,2,快,캥,3,캥〮,磕礚愒渴嘅揩慨鎧闓欬咳愾
5,70,20,佳,3,業,ᅌᅢᆼ,1,ᅌᅢᆼ,厓崖涯漄睚倪皚凒敱
5,70,20,解,3,業,ᅌᅢᆼ,2,ᅌᅢᆼ〯,騃
5,70,20,蓋,3,業,ᅌᅢᆼ,3,ᅌᅢᆼ〮,艾㣻礙硋㝵儗閡
5,71,20,蓋,4,斗,댕,3,댕〮,帶㿃蔕蹛遞
5,71,20,蓋,5,呑,탱,3,탱〮,泰太太大忕㥭汰汏蠆慸蔕慸
5,71,20,解,6,覃,땡,2,땡〯,豸豸
5,71,20,蓋,6,覃,땡,3,땡〮,大軑釱汏
5,72,20,佳,7,那,냉,1,냉,能
5,72,20,解,7,那,냉,2,냉〯,嬭㛋㚷乃迺鼐
5,72,20,蓋,7,那,냉,3,냉〮,柰耐能奈鼐
5,72,20,解,8,彆,뱅,2,뱅〯,擺捭
5,72,20,蓋,8,彆,뱅,3,뱅〮,貝狽伂沛拜扒敗
5,72,20,蓋,9,漂,팽,3,팽〮,霈沛肺浿派湃㵒
5,73,20,佳,10,步,뺑,1,뺑,牌蠯螷排俳
5,73,20,解,10,步,뺑,2,뺑〯,罷
5,73,20,蓋,10,步,뺑,3,뺑〮,旆沛茷柭軷粺稗韛排糒敗唄
5,73,20,佳,11,彌,맹,1,맹,埋貍霾䨪
5,73,20,解,11,彌,맹,2,맹〯,買
5,73,20,蓋,11,彌,맹,3,맹〮,眛昧沬賣韎霾邁勱
5,74,20,佳,12,即,쟁,1,쟁,齋齊
5,74,20,解,12,即,쟁,2,쟁〯,跐
5,74,20,蓋,12,即,쟁,3,쟁〮,債責瘵祭
5,74,20,佳,13,侵,챙,1,챙,釵靫扠搋差䡨
5,74,20,蓋,13,侵,챙,3,챙〮,蔡縩瘥差衩涇
5,75,20,佳,14,慈,쨍,1,쨍,柴祡豺犲儕
5,75,20,蓋,14,慈,쨍,3,쨍〮,眦疵眥砦柴
5,75,20,佳,15,戌,생,1,생,簁篩
5,75,20,解,15,戌,생,2,생〯,灑洒躧蹝纚徙
5,75,20,蓋,15,戌,생,3,생〮,曬灑洒鎩铩殺閷煞
5,76,20,佳,16,挹,ᅙᅢᆼ,1,ᅙᅢᆼ,娃哇挨唲
5,76,20,解,16,挹,ᅙᅢᆼ,2,ᅙᅢᆼ〯,矮㾨躷
5,76,20,蓋,16,挹,ᅙᅢᆼ,3,ᅙᅢᆼ〮,藹靄䨠馤壒濭隘阨搤噫呃嗄餲喝
5,76,20,佳,17,洪,ᅘᅢᆼ,1,ᅘᅢᆼ,諧湝骸膎鞵鞋鮭
5,76,20,解,17,洪,ᅘᅢᆼ,2,ᅘᅢᆼ〯,蟹蟹獬鮭嶰澥解駭絯豥駴夥
5,76,20,蓋,17,洪,ᅘᅢᆼ,3,ᅘᅢᆼ〮,害妎邂解械薤瀣齘
5,77,20,蓋,18,閭,랭,3,랭〮,賴瀨籟藾癩襰厲糲蠣賚
5,77,20,佳,19,君,괭,1,괭,乖媧緺騧蝸
5,77,20,解,19,君,괭,2,괭〯,掛
5,77,20,蓋,19,君,괭,3,괭〮,卦掛挂絓罣詿怪怪壞夬澮獪㹟狤
5,78,20,佳,20,快,쾡,1,쾡,華䦱
5,78,20,蓋,20,快,쾡,3,쾡〮,蒯蕢塊喟嘳㕟快噲
5,78,20,蓋,21,業,ᅌᅫᆼ,3,ᅌᅫᆼ〮,聵
5,78,20,蓋,22,侵,쵕,3,쵕〮,嘬
5,78,20,佳,23,挹,ᅙᅫᆼ,1,ᅙᅫᆼ,蛙鼃洼
5,78,20,佳,24,洪,ᅘᅫᆼ,1,ᅘᅫᆼ,懷櫰槐褢淮
5,78,20,蓋,24,洪,ᅘᅫᆼ,3,ᅘᅫᆼ〮,壞畵罫繣澅絓話躗吳
5,79,21,嬀,1,君,귕,1,귕,嬀潙佹龜騩歸
5,79,21,軌,1,君,귕,2,귕〯,軌軌軌匭氿漸宄晷簋詭垝陒佹祪䤥庪庋攱傀鬼
5,79,21,媿,1,君,귕,3,귕〮,媿愧聭騩攰庪貴瞶劌劂撅橛蹶鱖鱥
5,80,21,嬀,2,快,큉,1,큉,虧虧蘬蘬
5,80,21,軌,2,快,큉,2,큉〯,巋蘬
5,80,21,媿,2,快,큉,3,큉〮,喟嘳㕟䙡巋缺
5,81,21,嬀,3,虯,뀡,1,뀡,逵㙺夔騤戣鍨頄馗
5,81,21,軌,3,虯,뀡,2,뀡〯,跪
5,81,21,媿,3,虯,뀡,3,뀡〮,匱鐀櫃饋歸蕢䕚簣籄㙺
5,81,21,嬀,4,業,ᅌᅱᆼ,1,ᅌᅱᆼ,危峞峞帷爲韋幃褘湋湋闈圍巍嵬犩
5,81,21,軌,4,業,ᅌᅱᆼ,2,ᅌᅱᆼ〯,頠姽峗瓦禕偉瑋煒颹暐韚韡葦
5,81,21,媿,4,業,ᅌᅱᆼ,3,ᅌᅱᆼ〮,僞胃謂渭蝟猬㥜媦緯圍彙魏犩衛熭轊䡺彘㻰
5,82,21,媿,5,斗,뒹,3,뒹〮,轛
5,82,21,嬀,6,挹,ᅙᅱᆼ,1,ᅙᅱᆼ,逶倭䴧蜲痿萎委威葳
5,82,21,軌,6,挹,ᅙᅱᆼ,2,ᅙᅱᆼ〯,委骩磈嵬
5,82,21,媿,6,挹,ᅙᅱᆼ,3,ᅙᅱᆼ〮,餧委骩尉慰蔚霨罻畏威
5,83,21,嬀,7,虗,휭,1,휭,麾戱摩撝煇煇煒煇揮楎椲翬褘徽幑㫎
5,83,21,軌,7,虗,휭,2,휭〯,毁毁燬䅏毇烜䃣蟲虺蘬燬卉
5,83,21,媿,7,虗,휭,3,휭〮,毁諱卉
5,84,21,軌,8,欲,윙,2,윙〯,蔿蘤䦱
5,84,21,媿,8,欲,윙,3,윙〮,位爲
5,84,21,嬀,9,君,ᄀᆔᆼ,1,ᄀᆔᆼ,規槼摫瞡雉鳺
5,84,21,軌,9,君,ᄀᆔᆼ,2,ᄀᆔᆼ〯,癸湀
5,84,21,媿,9,君,ᄀᆔᆼ,3,ᄀᆔᆼ〮,李
5,84,21,嬀,10,快,ᄏᆔᆼ,1,ᄏᆔᆼ,闚窺
5,84,21,軌,10,快,ᄏᆔᆼ,2,ᄏᆔᆼ〯,跬頃蹞窺頍
5,85,21,嬀,11,虯,ᄁᆔᆼ,1,ᄁᆔᆼ,葵楑鄈
5,85,21,軌,11,虯,ᄁᆔᆼ,2,ᄁᆔᆼ〯,楑
5,85,21,媿,11,虯,ᄁᆔᆼ,3,ᄁᆔᆼ〮,悸
5,85,21,嬀,12,斗,ᄃᆔᆼ,1,ᄃᆔᆼ,腄追
5,85,21,嬀,13,覃,ᄄᆔᆼ,1,ᄄᆔᆼ,椎桘鎚錘槌甀魋椎鬌
5,85,21,媿,13,覃,ᄄᆔᆼ,3,ᄄᆔᆼ〮,縋䋘槌膇㾽硾倕磓墜錘腄甀墜隊隧懟譵
5,86,21,媿,14,那,ᄂᆔᆼ,3,ᄂᆔᆼ〮,諉
5,86,21,嬀,15,即,ᄌᆔᆼ,1,ᄌᆔᆼ,劑檇㰎崔佳崒厜隹鵻騅錐
5,86,21,軌,15,即,ᄌᆔᆼ,2,ᄌᆔᆼ〯,觜嘴嶉捶棰錘箠菙
5,86,21,媿,15,即,ᄌᆔᆼ,3,ᄌᆔᆼ〮,醉檇雋惴諈錘
5,87,21,嬀,16,侵,ᄎᆔᆼ,1,ᄎᆔᆼ,吹龡炊推蓷衰
5,87,21,軌,16,侵,ᄎᆔᆼ,2,ᄎᆔᆼ〯,趡揣
5,87,21,媿,16,侵,ᄎᆔᆼ,3,ᄎᆔᆼ〮,翠臎吹䶴龡出
5,87,21,媿,17,慈,ᄍᆔᆼ,3,ᄍᆔᆼ〮,萃瘁悴顇踤
5,87,21,嬀,18,戌,ᄉᆔᆼ,1,ᄉᆔᆼ,綏浽荽荾䒘雖睢濉衰榱
5,87,21,軌,18,戌,ᄉᆔᆼ,2,ᄉᆔᆼ〯,髓髓䯝䯝膸瀡靃巂嶲水準
5,87,21,媿,18,戌,ᄉᆔᆼ,3,ᄉᆔᆼ〮,邃粹睟誶祟帥帨率
5,87,21,嬀,19,邪,ᄊᆔᆼ,1,ᄊᆔᆼ,隨隋遺垂陲倕腄誰唯譙脽
5,87,21,軌,19,邪,ᄊᆔᆼ,2,ᄊᆔᆼ〯,菙
5,87,21,媿,19,邪,ᄊᆔᆼ,3,ᄊᆔᆼ〮,遂燧鐩澻㴚襚璲繸隧隊旞彗篲穗穟瑞睡倕
5,89,21,媿,20,挹,ᅙᆔᆼ,3,ᅙᆔᆼ〮,恚烓
5,89,21,嬀,21,虗,ᄒᆔᆼ,1,ᄒᆔᆼ,墮隳隋綏觿鐫鐫睢倠
5,89,21,媿,21,虗,ᄒᆔᆼ,3,ᄒᆔᆼ〮,睢隋綏墮挼侐
5,90,21,嬀,22,欲,ᄋᆔᆼ,1,ᄋᆔᆼ,惟維唯濰遺壝蠵觿
5,90,21,軌,22,欲,ᄋᆔᆼ,2,ᄋᆔᆼ〯,洧鮪痏䔺芛芟唯踓趡壝
5,90,21,媿,22,欲,ᄋᆔᆼ,3,ᄋᆔᆼ〮,遺壝瞶蜼
5,90,21,嬀,23,閭,ᄅᆔᆼ,1,ᄅᆔᆼ,羸纍縲累欙樏虆藟蘲蔂絫
5,90,21,軌,23,閭,ᄅᆔᆼ,2,ᄅᆔᆼ〯,壘藟虆蘽櫐讄礧㠥礨礨蠝累樏誄蜼猚
5,90,21,媿,23,閭,ᄅᆔᆼ,3,ᄅᆔᆼ〮,類禷蘱率淚累絫
5,92,21,嬀,24,穰,ᅀᆔᆼ,1,ᅀᆔᆼ,甤蕤苼痿緌綏䅑䅗桵㮃
5,92,21,軌,24,穰,ᅀᆔᆼ,2,ᅀᆔᆼ〯,繠橤蘂蕊
6,8,22,雞,1,君,곙,1,곙,鷄稽[禾尤旨]笄䈕枅卟乩
6,8,22,罽,1,君,곙,3,곙〮,罽𦇧𣯅[糸𣯅][瀱-罒]猘狾計繼㡭繫[繫-糸]係髻結𨜒薊
6,8,22,雞,2,快,콍,1,콍,谿溪谿谿鸂鷄
6,8,22,啓,2,快,콍,2,콍〯,啓棨綮启稽
6,8,22,罽,2,快,콍,3,콍〮,愒憩偈揭䔾甈契栔鍥㓶挈
6,9,22,罽,3,虯,꼥,3,꼥〮,偈碣嵑
6,9,22,啓,4,業,ᅌᅨᆼ,2,ᅌᅨᆼ〯,掜
6,9,22,罽,4,業,ᅌᅨᆼ,3,ᅌᅨᆼ〮,甈乂刈㣻艾
6,10,22,雞,5,斗,뎽,1,뎽,氐互低仾詆呧柢羝牴隄䧑堤鞮䩚磾
6,10,22,啓,5,斗,뎽,2,뎽〯,邸邸柢詆呧阺坻弤抵牴觝軝疧疷底底氐提堤底
6,10,22,罽,5,斗,뎽,3,뎽〮,帝諦諟締蔕䗖柢泜氐疐嚔㗣
6,11,22,雞,6,呑,톙,1,톙,梯鷈鷉鵜
6,11,22,啓,6,呑,톙,2,톙〯,體體體涕緹紙醍
6,11,22,罽,6,呑,톙,3,톙〮,替普朁涕洟鬀鬄剃殢揥楴褅裼薙雉傺袲
6,12,22,雞,7,覃,똉,1,똉,題提媞偍姼禔褆緹鞮睼瑅騠踶鶗嗁啼諦㖒㖷渧蹏蹄締綈䬾焍第稚稚銻鵜鴺罤䨑荑梯鮧鯷桋鴺㡗折
6,12,22,啓,7,覃,똉,2,똉〯,弟悌娣遞递
6,12,22,罽,7,覃,똉,3,똉〮,第弟悌娣睇眱珶遞迭递遰褅締杕軑釱踶提題鬄髢錫鶗鷤逮棣滯㿃䐭彘
6,14,22,雞,8,那,녱,1,녱,泥泥臡
6,14,22,啓,8,那,녱,2,녱〯,禰祢檷鑈鈮濔瀰薾爾泥
6,14,22,罽,8,那,녱,3,녱〮,泥
6,15,22,雞,9,彆,볭,1,볭,篦豍㡙鎞狴
6,15,22,罽,9,彆,볭,3,볭〮,閉箄嬖蔽草弊弊鷩鄨廢癈祓苃茀
6,15,22,雞,10,漂,폥,1,폥,批錍鈚漂
6,15,22,罽,10,漂,폥,3,폥〮,媲睤䁹辟壀埤僻淠潎肺杮
6,16,22,雞,11,步,뼹,1,뼹,鞞豍椑㼰膍
6,16,22,啓,11,步,뼹,2,뼹〯,陛陛梐狴陛髀䯗䏶脾肶
6,16,22,罽,11,步,뼹,3,뼹〮,弊獘斃弊幣薜蘗吠犻茷
6,17,22,雞,12,彌,몡,1,몡,迷麛麑
6,17,22,啓,12,彌,몡,2,몡〯,米眯䋛洣
6,17,22,罽,12,彌,몡,3,몡〮,袂
6,17,22,雞,13,即,졩,1,졩,齎䝴韲齏韲懠擠躋隮齊
6,17,22,啓,13,即,졩,2,졩〯,濟㧗
6,17,22,罽,13,即,졩,3,졩〮,霽擠濟祭際穄制製䱥鰶㫼晣晢淛浙折
6,18,22,雞,14,侵,촁,1,촁,妻萋霋凄凄悽緀
6,18,22,啓,14,侵,촁,2,촁〯,泚玼萋緀
6,18,22,罽,14,侵,촁,3,촁〮,切砌墄妻掣摯觢挈懘滯
6,18,22,雞,15,慈,쪵,1,쪵,齊臍蠐
6,18,22,啓,15,慈,쪵,2,쪵〯,薺齊癠鮆鱭
6,18,22,罽,15,慈,쪵,3,쪵〮,嚌懠穧劑齊薺癠齌眥眦
6,19,22,雞,16,戌,솅,1,솅,西棲棲犀屖凘澌嘶撕
6,19,22,啓,16,戌,솅,2,솅〯,洗灑
6,19,22,罽,16,戌,솅,3,솅〮,細壻壻棲世貰勢埶殺閷
6,20,22,雞,17,邪,쏑,1,쏑,栘
6,20,22,罽,17,邪,쏑,3,쏑〮,誓逝遰遞筮噬澨澨忕
6,20,22,雞,18,挹,ᅙᅨᆼ,1,ᅙᅨᆼ,鷖繄䃜瑿㙠黳
6,20,22,罽,18,挹,ᅙᅨᆼ,3,ᅙᅨᆼ〮,瘞餲医瞖繄翳蘙嫕瘱曀㙪㙠殪縊
6,20,22,雞,19,虗,혱,1,혱,醯䤈橀
6,21,22,雞,20,洪,ᅘᅨᆼ,1,ᅘᅨᆼ,兮奚㜎傒蹊騱貕豀謑鼷嵇
6,21,22,啓,20,洪,ᅘᅨᆼ,2,ᅘᅨᆼ〯,徯諐蹊傒謑謑奚
6,21,22,罽,20,洪,ᅘᅨᆼ,3,ᅘᅨᆼ〮,系繫係結禊妎盻
6,21,22,雞,21,欲,옝,1,옝,倪齯鯢蜺䘽輗棿麑猊猊霓兒
6,21,22,罽,21,欲,옝,3,옝〮,曳洩袣泄呭詍㖂䛖枻栧抴跇裔㵝㵩㳿㵩勩詣栺睨倪堄帠羿寱藝蓺槸褹袂囈
6,22,22,雞,22,閭,롕,1,롕,黎犁黧藜瓈邌梨驪鸝蠡
6,22,22,啓,22,閭,롕,2,롕〯,禮澧醴鱧蠡蠡劙盠欐
6,22,22,罽,22,閭,롕,3,롕〮,麗䕻儷儷欐攦戾唳淚綟棙悷蜧茘蛠隷隷劙蠫㓯盭沴離例列栵迾裂厲厲礪糲爄勵蠣癘㾐
6,24,22,雞,23,君,ᄀᆒᆼ,1,ᄀᆒᆼ,圭窐閨袿邽蠲
6,24,22,罽,23,君,ᄀᆒᆼ,3,ᄀᆒᆼ〮,桂筀䳏
6,24,22,雞,24,快,ᄏᆒᆼ,1,ᄏᆒᆼ,睽聧奎暌刲㨒
6,25,22,罽,25,斗,ᄃᆒᆼ,3,ᄃᆒᆼ〮,綴餟醊腏畷錣
6,25,22,罽,26,即,ᄌᆒᆼ,3,ᄌᆒᆼ〮,蕝蕞贅
6,25,22,罽,27,侵,ᄎᆒᆼ,3,ᄎᆒᆼ〮,脃膬毳橇竁喙
6,25,22,罽,28,戌,ᄉᆒᆼ,3,ᄉᆒᆼ〮,歲繐稅帨帥蛻涗裞䬽鐫說
6,25,22,罽,29,邪,ᄊᆒᆼ,3,ᄊᆒᆼ〮,篲
6,25,22,雞,30,挹,ᅙᆒᆼ,1,ᅙᆒᆼ,烓
6,25,22,罽,30,挹,ᅙᆒᆼ,3,ᅙᆒᆼ〮,穢薉濊獩
6,26,22,罽,31,虗,ᄒᆒᆼ,3,ᄒᆒᆼ〮,嘒嚖嘒噦喙喙顪噦翽
6,26,22,雞,32,洪,ᅘᆒᆼ,1,ᅘᆒᆼ,携携携觿鐫蠵酅巂畦
6,26,22,罽,32,洪,ᅘᆒᆼ,3,ᅘᆒᆼ〮,慧轊惠蕙譓憓
6,26,22,罽,33,欲,ᄋᆒᆼ,3,ᄋᆒᆼ〮,叡睿銳梲
6,27,22,罽,34,穰,ᄉᆒᆼ,3,ᄉᆒᆼ〮,汭內枘芮蜹
6,27,23,孤,1,君,공,1,공,孤觚柧軱呱箛䉉苽菰罛姑酤沽蛄鴣䧸辜橭盬夃
6,27,23,古,1,君,공,2,공〯,古詁故估牯沽酤罟苦楛鼓瞽鼓股骰羖蠱監賈夃
6,27,23,顧,1,君,공,3,공〮,顧雇固凅錮鯝稒㧽痼故酤沽詁蠱
6,28,23,孤,2,快,콩,1,콩,枯刳恗
6,28,23,古,2,快,콩,2,콩〯,苦䇢
6,28,23,顧,2,快,콩,3,콩〮,庫袴絝胯跨
6,29,23,孤,3,業,ᅌᅩᆼ,1,ᅌᅩᆼ,吾浯梧鼯郚吳㻍珸鋘鋙
6,29,23,古,3,業,ᅌᅩᆼ,2,ᅌᅩᆼ〯,五伍午迕仵旿
6,29,23,顧,3,業,ᅌᅩᆼ,3,ᅌᅩᆼ〮,誤悞悟晤旿晤捂梧忤牾午蘁逜寤遻迕俉愕
6,29,23,孤,4,斗,동,1,동,都闍堵
6,29,23,古,4,斗,동,2,동〯,覩堵陼暏賭楮肚士
6,29,23,顧,4,斗,동,3,동〮,妬妬奼㓃宅詫秅秺蠧螙斁睪
6,30,23,孤,5,呑,통,1,통,稌
6,30,23,古,5,呑,통,2,통〯,土吐稌
6,30,23,顧,5,呑,통,3,통〮,兎鵵菟吐
6,31,23,孤,6,覃,똥,1,똥,徒途擇峹荼余涂捈駼鵌鷋䅷䔑塗屠瘏菟檡兎圖鍍
6,31,23,古,6,覃,똥,2,똥〯,杜荰土赭剫
6,31,23,顧,6,覃,똥,3,똥〮,度渡鍍塗
6,31,23,孤,7,那,농,1,농,奴侮仅帑帑駑笯砮
6,31,23,古,7,那,농,2,농〯,怒弩砮努
6,31,23,顧,7,那,농,3,농〮,笯怒㣽
6,32,23,孤,8,彆,봉,1,봉,逋鋪哺誧晡
6,32,23,古,8,彆,봉,2,봉〯,補䋠圃甫譜諩
6,32,23,顧,8,彆,봉,3,봉〮,布尃抪圃
6,32,23,孤,9,漂,퐁,1,퐁,鋪痡鯆抪
6,32,23,古,9,漂,퐁,2,퐁〯,普浦誧溥
6,32,23,顧,9,漂,퐁,3,퐁〮,怖鋪誧
6,33,23,孤,10,步,뽕,1,뽕,蒲莆蒱酺匍扶䒀瓿
6,33,23,古,10,步,뽕,2,뽕〯,簿部蔀
6,33,23,顧,10,步,뽕,3,뽕〮,步荹捕哺餔䊇酺脯鞴
6,33,23,孤,11,彌,몽,1,몽,摸橅謨謩嫫膜摸摸撫墓母
6,33,23,古,11,彌,몽,2,몽〯,姥莽茻姆
6,33,23,顧,11,彌,몽,3,몽〮,暮慕募墓謨慔
6,34,23,孤,12,即,종,1,종,租蒩菹苴
6,34,23,古,12,即,종,2,종〯,祖珇駔組阻岨俎柤齟詛
6,34,23,顧,12,即,종,3,종〮,作詛謯作
6,35,23,孤,13,侵,총,1,총,麤麆粗麤初
6,35,23,古,13,侵,총,2,총〯,楚礎濋憷
6,35,23,顧,13,侵,총,3,총〮,措厝錯醋楚
6,35,23,孤,14,慈,쫑,1,쫑,徂且鋤鋤助鋤
6,35,23,古,14,慈,쫑,2,쫑〯,粗麆
6,35,23,顧,14,慈,쫑,3,쫑〮,祚胙飵阼葄助鋤鉏
6,36,23,孤,15,戌,송,1,송,蘇穌㢝酥蔬疏疎梳疋綀釃斯
6,36,23,古,15,戌,송,2,송〯,所䝪糈
6,36,23,顧,15,戌,송,3,송〮,素愫榡傃嗉訴愬㴑遡溯泝塑塐疏
6,37,23,孤,16,挹,ᅙᅩᆼ,1,ᅙᅩᆼ,烏於杇圬釫汙汚於嗚惡
6,37,23,古,16,挹,ᅙᅩᆼ,2,ᅙᅩᆼ〯,塢䃖埡瑦鄔
6,37,23,顧,16,挹,ᅙᅩᆼ,3,ᅙᅩᆼ〮,汙洿盓惡䛩䜑堊嗚
6,37,23,孤,17,虗,홍,1,홍,呼虖謼嘑滹淲泘膴幠芋
6,37,23,古,17,虗,홍,2,홍〯,虎琥滸滹許
6,37,23,顧,17,虗,홍,3,홍〮,謼嘑呼戽
6,38,23,孤,18,洪,ᅘᅩᆼ,1,ᅘᅩᆼ,胡箶湖瑚餬䭌醐糊粘䉿鶘乎虖壺孤狐瓠葫
6,38,23,古,18,洪,ᅘᅩᆼ,2,ᅘᅩᆼ〯,戶昈雇扈怙岵祜酤楛鄠下芐芦嫭嫮橭
6,38,23,顧,18,洪,ᅘᅩᆼ,3,ᅘᅩᆼ〮,護濩頀䪝穫互枑冱瓠嫮嫭涸
6,39,23,孤,19,閭,롱,1,롱,盧蘆籚廬鑢爐櫨鱸壚艫轤瓐黸獹瀘矑纑顱髗玈
6,39,23,古,19,閭,롱,2,롱〯,魯櫓櫓㯭艣虜擄鹵滷塷瀂
6,39,23,顧,19,閭,롱,3,롱〮,路璐露簬鷺鸕鴼潞輅賂
6,41,24,歌,1,君,강,1,강,歌謌戨牁哥柯鴚舸渮荷渮嘉佳加笳茄鴐駕珈耞跏迦痂枷葭麚豭猳家
6,41,24,哿,1,君,강,2,강〯,哿笴舸菏荷賈檟榎夏假徦嘏椵斝斝
6,41,24,箇,1,君,강,3,강〮,箇個介駕架榢枷稼嫁幏假叚下斝斝價賈
6,42,24,歌,2,快,캉,1,캉,珂砢軻呿
6,42,24,哿,2,快,캉,2,캉〯,可岢軻坷
6,42,24,箇,2,快,캉,3,캉〮,軻坷髂䯊
6,43,24,歌,3,業,ᅌᅡᆼ,1,ᅌᅡᆼ,莪峨峨我娥俄哦睋蛾䖸鵝䳘鵞牙芽枒㧎衙涯厓
6,43,24,哿,3,業,ᅌᅡᆼ,2,ᅌᅡᆼ〯,我騀硪峨雅鴉庌牙疋
6,43,24,箇,3,業,ᅌᅡᆼ,3,ᅌᅡᆼ〮,餓訝迓御輅衙庌砑牙
6,44,24,歌,4,斗,당,1,당,多多奓
6,44,24,哿,4,斗,당,2,당〯,嚲癉哆打
6,44,24,箇,4,斗,당,3,당〮,癉憚咤喥䖳㓃宅奼哆奓
6,44,24,歌,5,呑,탕,1,탕,他他挓拖拖䖳詑訑
6,44,24,哿,5,呑,탕,2,탕〯,姹
6,44,24,箇,5,呑,탕,3,탕〮,詫咤侘差
6,45,24,歌,6,覃,땅,1,땅,駝駝他沱沲池陀岮陀阤跎他紽酡鮀迤池鼉鱓鱣驒馱秅茶涂塗
6,45,24,哿,6,覃,땅,2,땅〯,拖拖拖他柁舵䑨杕袉拖沲阤陀陊爹
6,45,24,箇,6,覃,땅,3,땅〮,馱他大
6,46,24,歌,7,那,낭,1,낭,那難單儺拏挐笯
6,46,24,哿,7,那,낭,2,낭〯,娜那袲橠難旎儺
6,46,24,箇,7,那,낭,3,낭〮,柰那哪㖠
6,47,24,歌,8,彆,방,1,방,波碆番僠嶓巴笆芭豝羓鈀
6,47,24,哿,8,彆,방,2,방〯,跛簸播把
6,47,24,箇,8,彆,방,3,방〮,播譒磻簸霸伯灞壩䃻靶弝杷欛
6,48,24,歌,9,漂,팡,1,팡,頗坡岥陂玻葩苩舥芭
6,48,24,哿,9,漂,팡,2,팡〯,頗叵
6,48,24,箇,9,漂,팡,3,팡〮,破帊帕袙怕
6,48,24,歌,10,步,빵,1,빵,婆鄱番皤番杷爬把琶
6,48,24,箇,10,步,빵,3,빵〮,縛杷䆉罷
6,49,24,歌,11,彌,망,1,망,摩擵磨麼䯢魔劘攠麻菻蟆䗫蟇
6,49,24,哿,11,彌,망,2,망〯,麼䯢馬
6,49,24,箇,11,彌,망,3,망〮,磨禡貊伯榪罵䣕䣖鬕
6,49,24,歌,12,即,장,1,장,樝柤齟
6,49,24,哿,12,即,장,2,장〯,左鮓䱹苴苲
6,49,24,箇,12,即,장,3,장〮,左佐作詐醡笮苲榨溠咋
6,50,24,歌,13,侵,창,1,창,蹉嵯嗟瑳搓差又權靫扠差艖舣鎈
6,50,24,哿,13,侵,창,2,창〯,瑳
6,50,24,箇,13,侵,창,3,창〮,嗟蹉差汊衩
6,51,24,歌,14,慈,짱,1,짱,醝鹺艖䑘㽨瘥嵳齹䣜鄼
6,51,24,歌,15,戌,상,1,상,娑挱莎莏挲沙䤬桫髿犠獻戲傞沙沙砂紗鯊㲚髿硰
6,51,24,哿,15,戌,상,2,상〯,娑灑洒葰傻
6,51,24,箇,15,戌,상,3,상〮,些娑逤嗄沙
6,52,24,歌,16,邪,쌍,1,쌍,槎楂苴
6,52,24,哿,16,邪,쌍,2,쌍〯,槎柞
6,52,24,箇,16,邪,쌍,3,쌍〮,乍䄍蓌
6,53,24,歌,17,挹,ᅙᅡᆼ,1,ᅙᅡᆼ,阿娿痾䋪䋍鴉鴉丫啞亞
6,53,24,哿,17,挹,ᅙᅡᆼ,2,ᅙᅡᆼ〯,娿娿妸阿猗啞瘂
6,53,24,箇,17,挹,ᅙᅡᆼ,3,ᅙᅡᆼ〮,亞惡啞稏婭
6,53,24,歌,18,虗,항,1,항,訶苛何呵㰤呀谺岈鰕
6,53,24,哿,18,虗,항,2,항〯,㰤閜
6,53,24,箇,18,虗,항,3,항〮,呵罅㙤釁嚇赫哧謑
6,54,24,歌,19,洪,ᅘᅡᆼ,1,ᅘᅡᆼ,何荷河苛遐徦假蕸霞瑕鍜碬蝦鰕騢假赮
6,54,24,哿,19,洪,ᅘᅡᆼ,2,ᅘᅡᆼ〯,荷何抲苛下夏廈
6,54,24,箇,19,洪,ᅘᅡᆼ,3,ᅘᅡᆼ〮,賀荷何暇假嘉下芐夏
6,55,24,歌,20,閭,랑,1,랑,羅蘿籮鑼欏囉饠
6,55,24,哿,20,閭,랑,2,랑〯,砢㦬攞邏
6,55,24,歌,21,君,걍,1,걍,迦
6,55,24,歌,22,快,컁,1,컁,呿
6,55,24,歌,23,虯,꺙,1,꺙,伽茄
6,55,24,歌,24,即,쟝,1,쟝,嗟罝遮庶
6,55,24,哿,24,即,쟝,2,쟝〯,姐她媎者赭堵
6,55,24,箇,24,即,쟝,3,쟝〮,借藉唶柘蔗鷓蟅䗪炙
6,56,24,歌,25,侵,챵,1,챵,車
6,56,24,哿,25,侵,챵,2,챵〯,且奲㵔䰩奓哆拸䞣
6,56,24,哿,26,慈,쨩,2,쨩〯,擔飷
6,56,24,箇,26,慈,쨩,3,쨩〮,藉蒩耤
6,57,24,歌,27,戌,샹,1,샹,些尖奢賖畬
6,57,24,哿,27,戌,샹,2,샹〯,寫瀉捨舍
6,57,24,箇,27,戌,샹,3,샹〮,卸瀉舍赦厙
6,57,24,歌,28,邪,썅,1,썅,邪耶斜䔑闍堵蛇蛇鉈
6,57,24,哿,28,邪,썅,2,썅〯,䄬社
6,57,24,箇,28,邪,썅,3,썅〮,謝榭激射射麝貰
6,58,24,歌,29,欲,양,1,양,邪䥺鋣鎁枒椰椰耶爺斜
6,58,24,哿,29,欲,양,2,양〯,野野也冶蠱
6,58,24,箇,29,欲,양,3,양〮,夜射
6,58,24,哿,30,穰,ᅀᅣᆼ,2,ᅀᅣᆼ〯,惹若
6,58,24,歌,31,君,광,1,광,戈過撾渦鍋鈛瓜媧騧蝸緺
6,58,24,哿,31,君,광,2,광〯,果菓惈裹蜾裸寡另剮
6,58,24,箇,31,君,광,3,광〮,過裹燴
6,59,24,歌,32,快,쾅,1,쾅,科蝌窠薖簻誇侉胯跨姱恗夸荂華
6,59,24,哿,32,快,쾅,2,쾅〯,顆堁果骻胯跨㡁袴銙錁夸
6,59,24,箇,32,快,쾅,3,쾅〮,課堁跨夸胯袴
6,60,24,歌,33,虯,꽝,1,꽝,瘸
6,60,24,歌,34,業,ᅌᅪᆼ,1,ᅌᅪᆼ,吪囮繇鈋譌訛
6,60,24,哿,34,業,ᅌᅪᆼ,2,ᅌᅪᆼ〯,瓦
6,60,24,箇,34,業,ᅌᅪᆼ,3,ᅌᅪᆼ〮,臥
6,60,24,歌,35,斗,돵,1,돵,檛薖撾
6,60,24,哿,35,斗,돵,2,돵〯,朶湍挅捶㪜崜埵鬌
6,61,24,歌,36,呑,퇑,1,퇑,詑
6,61,24,哿,36,呑,퇑,2,퇑〯,妥綏隋橢墮媠
6,61,24,箇,36,呑,퇑,3,퇑〮,唾唾他拖拖拖大
6,61,24,哿,37,覃,뙁,2,뙁〯,惰嶞墮墯隓垜䅜
6,61,24,箇,37,覃,뙁,3,뙁〮,惰憜媠墮
6,62,24,歌,38,那,놩,1,놩,捼挼
6,62,24,箇,38,那,놩,3,놩〮,愞懦偄稬糯堧壖
6,62,24,歌,39,即,좡,1,좡,髽
6,62,24,箇,39,即,좡,3,좡〮,挫蓌夎䟶
6,62,24,哿,40,侵,촹,2,촹〯,脞
6,62,24,箇,40,侵,촹,3,촹〮,剉挫莝摧
6,62,24,歌,41,慈,쫭,1,쫭,矬痤
6,62,24,哿,41,慈,쫭,2,쫭〯,坐
6,62,24,箇,41,慈,쫭,3,쫭〮,坐座
6,63,24,歌,42,戌,솽,1,솽,蓑莎梭唆
6,63,24,哿,42,戌,솽,2,솽〯,鎖鏁瑣璅葰
6,63,24,歌,43,挹,ᅙᅪᆼ,1,ᅙᅪᆼ,倭踒渦窩窊窳溛窪窐洼哇娃蛙䵷汙
6,63,24,哿,43,挹,ᅙᅪᆼ,2,ᅙᅪᆼ〯,婐果
6,63,24,箇,43,挹,ᅙᅪᆼ,3,ᅙᅪᆼ〮,涴汙堁
6,64,24,歌,44,虗,황,1,황,鞾靴㞜花華
6,64,24,哿,44,虗,황,2,황〯,火
6,64,24,箇,44,虗,황,3,황〮,貨化洪
6,64,24,歌,45,洪,ᅘᅪᆼ,1,ᅘᅪᆼ,和龢鉌禾華崋譁嘩驊鋘釫鏵
6,64,24,哿,45,洪,ᅘᅪᆼ,2,ᅘᅪᆼ〯,禍輠夥髁踝裸裸觟
6,64,24,箇,45,洪,ᅘᅪᆼ,3,ᅘᅪᆼ〮,和華樺檴嬅摦擭獲鱯㕦
6,65,24,歌,46,閭,뢍,1,뢍,鸁䯁騾臝蠃螺蠡蝸鏍虆蔂覼
6,65,24,哿,46,閭,뢍,2,뢍〯,裸裸果臝儽蠃蓏蠡瘰攭
6,65,24,箇,46,閭,뢍,3,뢍〮,邏摞
6,66,25,拘,1,君,궁,1,궁,拘佝句跔駒驕痀俱㪺仇捄
6,66,25,矩,1,君,궁,2,궁〯,矩榘距句拒枸蒟萬楀踽偊鄅
6,66,25,屨,1,君,궁,3,궁〮,屨鞻句絇蒟瞿懼
6,67,25,拘,2,快,쿵,1,쿵,區驅毆驅歐歐嶇軀鮬摳
6,67,25,矩,2,快,쿵,2,쿵〯,齲踽
6,67,25,屨,2,快,쿵,3,쿵〮,驅
6,67,25,拘,3,虯,꿍,1,꿍,劬朐絇句䋧軥枸鼩翑句臞癯躣躩忂灈懼戵鑺欋衢瞿鸜
6,67,25,矩,3,虯,꿍,2,꿍〯,寠窶
6,67,25,屨,3,虯,꿍,3,꿍〮,懼瞿具
6,68,25,拘,4,業,ᅌᅮᆼ,1,ᅌᅮᆼ,虞澞鸆麌娛禺愚隅嵎髃腢喁齵堣鍝于竽竽迂盂杆玕釬汙邘雩謣
6,68,25,矩,4,業,ᅌᅮᆼ,2,ᅌᅮᆼ〯,麌麌侯㒁羽禹䨞萭瑀偊宇㝢㡰雨
6,68,25,屨,4,業,ᅌᅮᆼ,3,ᅌᅮᆼ〮,遇寓寓禺虞芌芋吁羽雨
6,70,25,拘,5,彆,붕,1,붕,膚夫玞扶䄮鈇柎不枎跗趺附枹
6,70,25,矩,5,彆,붕,2,붕〯,甫父莆黼脯俌簠府腑俯斧鈇
6,70,25,屨,5,彆,붕,3,붕〮,付傅賦富
6,71,25,拘,6,漂,풍,1,풍,敷傳鋪溥懯孚莩罦䍖烰粰桴俘郛垺垺苻荴紨泭柎怤荂旉華麩麱䴸鄜
6,71,25,矩,6,漂,풍,2,풍〯,撫拊柎弣
6,71,25,屨,6,漂,풍,3,풍〮,赴訃仆踣掊䞳趏簠副報
6,72,25,拘,7,步,뿡,1,뿡,扶蚨颫夫芙符苻鳧瓿
6,72,25,矩,7,步,뿡,2,뿡〯,父㕮駁輔䩉鬴釜秿滏腐焤
6,72,25,屨,7,步,뿡,3,뿡〮,附胕柎付駙䮛鮒柎坿跗傅賻負負萯偩婦
6,73,25,拘,8,彌,뭉,1,뭉,無亡蕪䍢璑毋巫誣
6,73,25,矩,8,彌,뭉,2,뭉〯,武鵡母碔珷璑舞儛廡膴嫵斌憮㒇嘸甒橆蕪侮侮務䍙堥
6,73,25,屨,8,彌,뭉,3,뭉〮,務婺瞀騖鶩霧
6,74,25,拘,9,侵,충,1,충,芻䅳
6,74,25,拘,10,慈,쭝,1,쭝,雛䅳媰
6,74,25,拘,11,戌,숭,1,숭,毹毺氀
6,74,25,屨,11,戌,숭,3,숭〮,數捒
6,74,25,拘,12,挹,ᅙᅮᆼ,1,ᅙᅮᆼ,紆汙迂盓陓
6,74,25,矩,12,挹,ᅙᅮᆼ,2,ᅙᅮᆼ〯,傴痀嫗噢
6,74,25,屨,12,挹,ᅙᅮᆼ,3,ᅙᅮᆼ〮,嫗饇歐燠噢
6,75,25,拘,13,虗,훙,1,훙,訏吁盱芋旴晇冔昫煦蓲姁喣歐呴謳
6,75,25,矩,13,虗,훙,2,훙〯,詡栩珝訏冔姁昫喣煦煦膴咻
6,75,25,屨,13,虗,훙,3,훙〮,煦昫呴欨咻休䣱酗
6,76,25,拘,14,閭,룽,1,룽,慺膢褸漊鏤氀蔞漊婁
6,76,25,矩,14,閭,룽,2,룽〯,縷僂軁漊嶁㟺樓簍蔞婁
6,76,25,屨,14,閭,룽,3,룽〮,屢婁僂
6,77,25,拘,15,斗,듕,1,듕,株誅蛛跦邾禂
6,77,25,矩,15,斗,듕,2,듕〯,拄柱
6,77,25,屨,15,斗,듕,3,듕〮,駐軴柱住
6,77,25,拘,16,呑,튱,1,튱,貙
6,77,25,拘,17,覃,뜡,1,뜡,廚躊裯幮幬趎
6,77,25,矩,17,覃,뜡,2,뜡〯,柱
6,77,25,屨,17,覃,뜡,3,뜡〮,住
6,78,25,拘,18,即,즁,1,즁,諏娵朱珠侏咮祩袾
6,78,25,矩,18,即,즁,2,즁〯,主宔砫袾麈炷枓斗
6,78,25,屨,18,即,즁,3,즁〮,足注屬主註炷鉒䪒澍霔咮鑄馵
6,78,25,拘,19,侵,츙,1,츙,趨趣騶取樞姝
6,78,25,矩,19,侵,츙,2,츙〯,取
6,78,25,屨,19,侵,츙,3,츙〮,娶趣趨
6,79,25,矩,20,慈,쯍,2,쯍〯,聚
6,79,25,屨,20,慈,쯍,3,쯍〮,聚鄹聚最
6,79,25,拘,21,戌,슝,1,슝,須䇕鬚需繻緰㡏輸隃鄃
6,79,25,矩,21,戌,슝,2,슝〯,數籔簍藪
6,79,25,屨,21,戌,슝,3,슝〮,戍隃輸束
6,80,25,拘,22,邪,쓩,1,쓩,殊銖洙㼡茱殳杸
6,80,25,矩,22,邪,쓩,2,쓩〯,䜿侸裋樹
6,80,25,屨,22,邪,쓩,3,쓩〮,樹澍裋
6,80,25,拘,23,欲,융,1,융,兪逾踰窬癒瘐渝楡揄羭蝓堬瑜牏褕喩愉婾愈楡覦歈㼶臾臾諛楰腴㥚萸
6,80,25,矩,23,欲,융,2,융〯,庾㢏㔱楰㥚斞斔愉瘐瘉臾愈瘉癒貐窳寙
6,80,25,屨,23,欲,융,3,융〮,裕欲慾籲諭喩覦兪瘉
6,82,25,拘,24,穰,ᅀᅲᆼ,1,ᅀᅲᆼ,儒嚅吺咮懦愞濡醹襦
6,82,25,矩,24,穰,ᅀᅲᆼ,2,ᅀᅲᆼ〯,乳醹㳶
6,82,25,屨,24,穰,ᅀᅲᆼ,3,ᅀᅲᆼ〮,孺乳
6,83,26,居,1,君,겅,1,겅,居居琚裾據椐鶋車
6,83,26,擧,1,君,겅,2,겅〯,擧莒筥籧柜欅弆
6,83,26,據,1,君,겅,3,겅〮,據鐻踞倨裾鋸據居擧
6,83,26,居,2,快,컹,1,컹,墟丘嶇㠊袪祛佉胠阹呿抾魼鱋去
6,83,26,擧,2,快,컹,2,컹〯,去麮胠
6,83,26,據,2,快,컹,3,컹〮,去㰦呿胠
6,84,26,居,3,虯,껑,1,껑,渠蕖磲蘧遽籧鐻璩璖醵䣰腒
6,84,26,擧,3,虯,껑,2,껑〯,巨鉅詎渠距拒歫蚷駏炬秬岠怇苣虡簴鐻
6,84,26,據,3,虯,껑,3,껑〮,遽蘧懅醵䣰勮詎巨渠
6,85,26,居,4,業,ᅌᅥᆼ,1,ᅌᅥᆼ,魚䁩䐳漁䱷䰻齬衙
6,85,26,擧,4,業,ᅌᅥᆼ,2,ᅌᅥᆼ〯,語齬鋙峿敔梧衙圄圉禦御蘌
6,85,26,據,4,業,ᅌᅥᆼ,3,ᅌᅥᆼ〮,御御禦衙圉語䱷漁
6,86,26,居,5,挹,ᅙᅥᆼ,1,ᅙᅥᆼ,於淤唹
6,86,26,據,5,挹,ᅙᅥᆼ,3,ᅙᅥᆼ〮,飫饇棜淤瘀菸
6,86,26,居,6,虗,헝,1,헝,虛虗歔噓吁喣呴驉魖
6,86,26,擧,6,虗,헝,2,헝〯,許
6,86,26,據,6,虗,헝,3,헝〮,噓
6,87,26,居,7,斗,뎡,1,뎡,豬猪猪櫫瀦潴
6,87,26,擧,7,斗,뎡,2,뎡〯,貯著紵䘢宁
6,87,26,據,7,斗,뎡,3,뎡〮,著
6,87,26,居,8,呑,텽,1,텽,攄捈樗櫖摴摢
6,87,26,擧,8,呑,텽,2,텽〯,楮柠褚
6,87,26,據,8,呑,텽,3,텽〮,絮
6,88,26,居,9,覃,뗭,1,뗭,除篨滁筡著躇屠儲宁
6,88,26,擧,9,覃,뗭,2,뗭〯,宁佇竚紵羜泞眝坾杼拧䇡抒苧
6,88,26,據,9,覃,뗭,3,뗭〮,箸櫡躇著宁除
6,88,26,居,10,那,녕,1,녕,袽帤挐拏
6,88,26,擧,10,那,녕,2,녕〯,女
6,88,26,據,10,那,녕,3,녕〮,女
6,89,26,居,11,即,졍,1,졍,苴蒩且蛆沮諸䃴蠩
6,89,26,擧,11,即,졍,2,졍〯,苴疽䰞煮渚陼庶
6,89,26,據,11,即,졍,3,졍〮,怚姐沮苴翥䬡庶
6,89,26,居,12,侵,쳥,1,쳥,疽砠沮趄跙狙雎苴
6,89,26,擧,12,侵,쳥,2,쳥〯,且杵處處
6,89,26,據,12,侵,쳥,3,쳥〮,覰䁦狙蜡處
6,90,26,擧,13,慈,쪙,2,쪙〯,沮咀跙
6,90,26,居,14,戌,셩,1,셩,胥諝㥠胥糈稰蝑湑書舒豫紓䋡悆忬瑹荼
6,90,26,擧,14,戌,셩,2,셩〯,諝醑湑稰胥暑黍鼠癙
6,90,26,據,14,戌,셩,3,셩〮,絮恕庶
6,91,26,居,15,邪,쎵,1,쎵,徐邪蜍蠩
6,91,26,擧,15,邪,쎵,2,쎵〯,敍漵㵰序䦽㘧茅杼藇鱮魣嶼緖紓墅野杼茅桃
6,91,26,據,15,邪,쎵,3,쎵〮,署暏
6,92,26,居,16,欲,영,1,영,余予畬畭蜍餘與歟欤懙㦛旟璵㼂譽鸒輿舁伃妤茅雓
6,92,26,擧,16,欲,영,2,영〯,與歟予
6,92,26,據,16,欲,영,3,영〮,豫舒余與鸒譽礜藇蕷穥歟輿預忬澦悆
6,93,26,居,17,閭,령,1,령,臚盧膚驢䮫廬慮藘閭櫚
6,93,26,擧,17,閭,령,2,령〯,呂吕侶梠膂旅祣臚穭稆儢
6,93,26,據,17,閭,령,3,령〮,慮爈䥨鋁濾勴錄窶
6,94,26,居,18,穰,ᅀᅧᆼ,1,ᅀᅧᆼ,如鴐茹絮洳
6,94,26,擧,18,穰,ᅀᅧᆼ,2,ᅀᅧᆼ〯,汝籹女茹
6,94,26,據,18,穰,ᅀᅧᆼ,3,ᅀᅧᆼ〮,茹洳如
